user_id,product_id,score,rank
1,1599,5.0,1
1,1201,5.0,2
1,1189,5.0,3
1,1122,5.0,4
1,814,5.0,5
2,1599,5.0,1
2,1201,5.0,2
2,1189,5.0,3
2,1122,5.0,4
2,814,5.0,5
3,1599,5.0,1
3,1201,5.0,2
3,1189,5.0,3
3,1122,5.0,4
3,814,5.0,5
4,1599,5.0,1
4,1201,5.0,2
4,1189,5.0,3
4,1122,5.0,4
4,814,5.0,5
5,1599,5.0,1
5,1201,5.0,2
5,1189,5.0,3
5,1122,5.0,4
5,814,5.0,5
6,1599,5.0,1
6,1201,5.0,2
6,1189,5.0,3
6,1122,5.0,4
6,814,5.0,5
7,1599,5.0,1
7,1201,5.0,2
7,1189,5.0,3
7,1122,5.0,4
7,814,5.0,5
8,1599,5.0,1
8,1201,5.0,2
8,1189,5.0,3
8,1122,5.0,4
8,814,5.0,5
9,1599,5.0,1
9,1201,5.0,2
9,1189,5.0,3
9,1122,5.0,4
9,814,5.0,5
10,1599,5.0,1
10,1201,5.0,2
10,1189,5.0,3
10,1122,5.0,4
10,814,5.0,5
11,1599,5.0,1
11,1201,5.0,2
11,1189,5.0,3
11,1122,5.0,4
11,814,5.0,5
12,1599,5.0,1
12,1201,5.0,2
12,1189,5.0,3
12,1122,5.0,4
12,814,5.0,5
13,1467,5.0,1
13,1599,5.0,2
13,1201,5.0,3
13,1189,5.0,4
13,1122,5.0,5
14,1599,5.0,1
14,1201,5.0,2
14,1189,5.0,3
14,1122,5.0,4
14,814,5.0,5
15,1599,5.0,1
15,1201,5.0,2
15,1189,5.0,3
15,1122,5.0,4
15,814,5.0,5
16,1599,5.0,1
16,1201,5.0,2
16,1189,5.0,3
16,1122,5.0,4
16,814,5.0,5
17,1599,5.0,1
17,1201,5.0,2
17,1189,5.0,3
17,1122,5.0,4
17,814,5.0,5
18,1599,5.0,1
18,1201,5.0,2
18,1189,5.0,3
18,1122,5.0,4
18,814,5.0,5
19,1599,5.0,1
19,1201,5.0,2
19,1189,5.0,3
19,1122,5.0,4
19,814,5.0,5
20,1599,5.0,1
20,1201,5.0,2
20,1189,5.0,3
20,1122,5.0,4
20,814,5.0,5
21,1599,5.0,1
21,1201,5.0,2
21,1189,5.0,3
21,1122,5.0,4
21,814,5.0,5
22,1599,5.0,1
22,1201,5.0,2
22,1189,5.0,3
22,1122,5.0,4
22,814,5.0,5
23,1599,5.0,1
23,1201,5.0,2
23,1189,5.0,3
23,1122,5.0,4
23,814,5.0,5
24,1599,5.0,1
24,1201,5.0,2
24,1189,5.0,3
24,1122,5.0,4
24,814,5.0,5
25,1599,5.0,1
25,1201,5.0,2
25,1189,5.0,3
25,1122,5.0,4
25,814,5.0,5
26,1599,5.0,1
26,1201,5.0,2
26,1189,5.0,3
26,1122,5.0,4
26,814,5.0,5
27,1599,5.0,1
27,1201,5.0,2
27,1189,5.0,3
27,1122,5.0,4
27,814,5.0,5
28,1599,5.0,1
28,1201,5.0,2
28,1189,5.0,3
28,1122,5.0,4
28,814,5.0,5
29,1599,5.0,1
29,1201,5.0,2
29,1189,5.0,3
29,1122,5.0,4
29,814,5.0,5
30,1599,5.0,1
30,1201,5.0,2
30,1189,5.0,3
30,1122,5.0,4
30,814,5.0,5
31,1599,5.0,1
31,1201,5.0,2
31,1189,5.0,3
31,1122,5.0,4
31,814,5.0,5
32,1599,5.0,1
32,1201,5.0,2
32,1189,5.0,3
32,1122,5.0,4
32,814,5.0,5
33,1599,5.0,1
33,1201,5.0,2
33,1189,5.0,3
33,1122,5.0,4
33,814,5.0,5
34,1599,5.0,1
34,1201,5.0,2
34,1189,5.0,3
34,1122,5.0,4
34,814,5.0,5
35,1599,5.0,1
35,1201,5.0,2
35,1189,5.0,3
35,1122,5.0,4
35,814,5.0,5
36,1599,5.0,1
36,1201,5.0,2
36,1189,5.0,3
36,1122,5.0,4
36,814,5.0,5
37,1599,5.0,1
37,1201,5.0,2
37,1189,5.0,3
37,1122,5.0,4
37,814,5.0,5
38,1599,5.0,1
38,1201,5.0,2
38,1189,5.0,3
38,1122,5.0,4
38,814,5.0,5
39,1599,5.0,1
39,1201,5.0,2
39,1189,5.0,3
39,1122,5.0,4
39,814,5.0,5
40,1599,5.0,1
40,1201,5.0,2
40,1189,5.0,3
40,1122,5.0,4
40,814,5.0,5
41,1599,5.0,1
41,1201,5.0,2
41,1189,5.0,3
41,1122,5.0,4
41,814,5.0,5
42,1599,5.0,1
42,1201,5.0,2
42,1189,5.0,3
42,1122,5.0,4
42,814,5.0,5
43,1599,5.0,1
43,1201,5.0,2
43,1189,5.0,3
43,1122,5.0,4
43,814,5.0,5
44,1599,5.0,1
44,1201,5.0,2
44,1189,5.0,3
44,1122,5.0,4
44,814,5.0,5
45,1599,5.0,1
45,1201,5.0,2
45,1189,5.0,3
45,1122,5.0,4
45,814,5.0,5
46,1599,5.0,1
46,1201,5.0,2
46,1189,5.0,3
46,1122,5.0,4
46,814,5.0,5
47,1599,5.0,1
47,1201,5.0,2
47,1189,5.0,3
47,1122,5.0,4
47,814,5.0,5
48,1599,5.0,1
48,1201,5.0,2
48,1189,5.0,3
48,1122,5.0,4
48,814,5.0,5
49,1599,5.0,1
49,1201,5.0,2
49,1189,5.0,3
49,1122,5.0,4
49,814,5.0,5
50,1599,5.0,1
50,1201,5.0,2
50,1189,5.0,3
50,1122,5.0,4
50,814,5.0,5
51,1599,5.0,1
51,1201,5.0,2
51,1189,5.0,3
51,1122,5.0,4
51,814,5.0,5
52,1599,5.0,1
52,1201,5.0,2
52,1189,5.0,3
52,1122,5.0,4
52,814,5.0,5
53,1599,5.0,1
53,1201,5.0,2
53,1189,5.0,3
53,1122,5.0,4
53,814,5.0,5
54,1599,5.0,1
54,1201,5.0,2
54,1189,5.0,3
54,1122,5.0,4
54,814,5.0,5
55,1599,5.0,1
55,1201,5.0,2
55,1189,5.0,3
55,1122,5.0,4
55,814,5.0,5
56,1599,5.0,1
56,1201,5.0,2
56,1189,5.0,3
56,1122,5.0,4
56,814,5.0,5
57,1599,5.0,1
57,1201,5.0,2
57,1189,5.0,3
57,1122,5.0,4
57,814,5.0,5
58,1599,5.0,1
58,1201,5.0,2
58,1189,5.0,3
58,1122,5.0,4
58,814,5.0,5
59,1599,5.0,1
59,1201,5.0,2
59,1189,5.0,3
59,1122,5.0,4
59,814,5.0,5
60,1467,5.0,1
60,1599,5.0,2
60,1201,5.0,3
60,1189,5.0,4
60,814,5.0,5
61,1599,5.0,1
61,1201,5.0,2
61,1189,5.0,3
61,1122,5.0,4
61,814,5.0,5
62,1599,5.0,1
62,1201,5.0,2
62,1189,5.0,3
62,1122,5.0,4
62,814,5.0,5
63,1599,5.0,1
63,1201,5.0,2
63,1189,5.0,3
63,1122,5.0,4
63,814,5.0,5
64,1599,5.0,1
64,1201,5.0,2
64,1189,5.0,3
64,1122,5.0,4
64,814,5.0,5
65,1599,5.0,1
65,1201,5.0,2
65,1189,5.0,3
65,1122,5.0,4
65,814,5.0,5
66,1599,5.0,1
66,1201,5.0,2
66,1189,5.0,3
66,1122,5.0,4
66,814,5.0,5
67,1599,5.0,1
67,1201,5.0,2
67,1189,5.0,3
67,1122,5.0,4
67,814,5.0,5
68,1599,5.0,1
68,1201,5.0,2
68,1189,5.0,3
68,1122,5.0,4
68,814,5.0,5
69,1599,5.0,1
69,1201,5.0,2
69,1189,5.0,3
69,1122,5.0,4
69,814,5.0,5
70,1599,5.0,1
70,1201,5.0,2
70,1189,5.0,3
70,1122,5.0,4
70,814,5.0,5
71,1599,5.0,1
71,1201,5.0,2
71,1189,5.0,3
71,1122,5.0,4
71,814,5.0,5
72,1599,5.0,1
72,1201,5.0,2
72,1189,5.0,3
72,1122,5.0,4
72,814,5.0,5
73,1599,5.0,1
73,1201,5.0,2
73,1189,5.0,3
73,1122,5.0,4
73,814,5.0,5
74,1599,5.0,1
74,1201,5.0,2
74,1189,5.0,3
74,1122,5.0,4
74,814,5.0,5
75,1599,5.0,1
75,1201,5.0,2
75,1189,5.0,3
75,1122,5.0,4
75,814,5.0,5
76,1599,5.0,1
76,1201,5.0,2
76,1189,5.0,3
76,1122,5.0,4
76,814,5.0,5
77,1599,5.0,1
77,1201,5.0,2
77,1189,5.0,3
77,1122,5.0,4
77,814,5.0,5
78,1599,5.0,1
78,1201,5.0,2
78,1189,5.0,3
78,1122,5.0,4
78,814,5.0,5
79,1599,5.0,1
79,1201,5.0,2
79,1189,5.0,3
79,1122,5.0,4
79,814,5.0,5
80,1599,5.0,1
80,1201,5.0,2
80,1189,5.0,3
80,1122,5.0,4
80,814,5.0,5
81,1599,5.0,1
81,1201,5.0,2
81,1189,5.0,3
81,1122,5.0,4
81,814,5.0,5
82,1599,5.0,1
82,1201,5.0,2
82,1189,5.0,3
82,1122,5.0,4
82,814,5.0,5
83,1599,5.0,1
83,1201,5.0,2
83,1189,5.0,3
83,1122,5.0,4
83,814,5.0,5
84,1599,5.0,1
84,1201,5.0,2
84,1189,5.0,3
84,1122,5.0,4
84,814,5.0,5
85,1599,5.0,1
85,1201,5.0,2
85,1189,5.0,3
85,1122,5.0,4
85,814,5.0,5
86,1599,5.0,1
86,1201,5.0,2
86,1189,5.0,3
86,1122,5.0,4
86,814,5.0,5
87,1467,5.0,1
87,1599,5.0,2
87,1201,5.0,3
87,1122,5.0,4
87,814,5.0,5
88,1599,5.0,1
88,1201,5.0,2
88,1189,5.0,3
88,1122,5.0,4
88,814,5.0,5
89,1599,5.0,1
89,1201,5.0,2
89,1189,5.0,3
89,1122,5.0,4
89,814,5.0,5
90,1467,5.0,1
90,1599,5.0,2
90,1189,5.0,3
90,1122,5.0,4
90,814,5.0,5
91,1599,5.0,1
91,1201,5.0,2
91,1189,5.0,3
91,1122,5.0,4
91,814,5.0,5
92,1599,5.0,1
92,1201,5.0,2
92,1189,5.0,3
92,1122,5.0,4
92,814,5.0,5
93,1599,5.0,1
93,1201,5.0,2
93,1189,5.0,3
93,1122,5.0,4
93,814,5.0,5
94,1599,5.0,1
94,1201,5.0,2
94,1189,5.0,3
94,1122,5.0,4
94,814,5.0,5
95,1599,5.0,1
95,1201,5.0,2
95,1189,5.0,3
95,1122,5.0,4
95,814,5.0,5
96,1599,5.0,1
96,1201,5.0,2
96,1189,5.0,3
96,1122,5.0,4
96,814,5.0,5
97,1599,5.0,1
97,1201,5.0,2
97,1189,5.0,3
97,1122,5.0,4
97,814,5.0,5
98,1599,5.0,1
98,1201,5.0,2
98,1189,5.0,3
98,1122,5.0,4
98,814,5.0,5
99,1599,5.0,1
99,1201,5.0,2
99,1189,5.0,3
99,1122,5.0,4
99,814,5.0,5
100,1599,5.0,1
100,1201,5.0,2
100,1189,5.0,3
100,1122,5.0,4
100,814,5.0,5
101,1599,5.0,1
101,1201,5.0,2
101,1189,5.0,3
101,1122,5.0,4
101,814,5.0,5
102,1599,5.0,1
102,1201,5.0,2
102,1189,5.0,3
102,1122,5.0,4
102,814,5.0,5
103,1599,5.0,1
103,1201,5.0,2
103,1189,5.0,3
103,1122,5.0,4
103,814,5.0,5
104,1599,5.0,1
104,1201,5.0,2
104,1189,5.0,3
104,1122,5.0,4
104,814,5.0,5
105,1599,5.0,1
105,1201,5.0,2
105,1189,5.0,3
105,1122,5.0,4
105,814,5.0,5
106,1599,5.0,1
106,1201,5.0,2
106,1189,5.0,3
106,1122,5.0,4
106,814,5.0,5
107,1599,5.0,1
107,1201,5.0,2
107,1189,5.0,3
107,1122,5.0,4
107,814,5.0,5
108,1599,5.0,1
108,1201,5.0,2
108,1189,5.0,3
108,1122,5.0,4
108,814,5.0,5
109,1599,5.0,1
109,1201,5.0,2
109,1189,5.0,3
109,1122,5.0,4
109,814,5.0,5
110,1599,5.0,1
110,1201,5.0,2
110,1189,5.0,3
110,1122,5.0,4
110,814,5.0,5
111,1599,5.0,1
111,1201,5.0,2
111,1189,5.0,3
111,1122,5.0,4
111,814,5.0,5
112,1599,5.0,1
112,1201,5.0,2
112,1189,5.0,3
112,1122,5.0,4
112,814,5.0,5
113,1599,5.0,1
113,1201,5.0,2
113,1189,5.0,3
113,1122,5.0,4
113,814,5.0,5
114,1599,5.0,1
114,1201,5.0,2
114,1189,5.0,3
114,1122,5.0,4
114,814,5.0,5
115,1599,5.0,1
115,1201,5.0,2
115,1189,5.0,3
115,1122,5.0,4
115,814,5.0,5
116,1599,5.0,1
116,1201,5.0,2
116,1189,5.0,3
116,1122,5.0,4
116,814,5.0,5
117,1599,5.0,1
117,1201,5.0,2
117,1189,5.0,3
117,1122,5.0,4
117,814,5.0,5
118,1599,5.0,1
118,1201,5.0,2
118,1189,5.0,3
118,1122,5.0,4
118,814,5.0,5
119,1599,5.0,1
119,1201,5.0,2
119,1189,5.0,3
119,1122,5.0,4
119,814,5.0,5
120,1599,5.0,1
120,1201,5.0,2
120,1189,5.0,3
120,1122,5.0,4
120,814,5.0,5
121,1599,5.0,1
121,1201,5.0,2
121,1189,5.0,3
121,1122,5.0,4
121,814,5.0,5
122,1599,5.0,1
122,1201,5.0,2
122,1189,5.0,3
122,1122,5.0,4
122,814,5.0,5
123,1599,5.0,1
123,1201,5.0,2
123,1189,5.0,3
123,1122,5.0,4
123,814,5.0,5
124,1599,5.0,1
124,1201,5.0,2
124,1189,5.0,3
124,1122,5.0,4
124,814,5.0,5
125,1599,5.0,1
125,1201,5.0,2
125,1189,5.0,3
125,1122,5.0,4
125,814,5.0,5
126,1599,5.0,1
126,1201,5.0,2
126,1189,5.0,3
126,1122,5.0,4
126,814,5.0,5
127,1599,5.0,1
127,1201,5.0,2
127,1189,5.0,3
127,1122,5.0,4
127,814,5.0,5
128,1599,5.0,1
128,1201,5.0,2
128,1189,5.0,3
128,1122,5.0,4
128,814,5.0,5
129,1599,5.0,1
129,1201,5.0,2
129,1189,5.0,3
129,1122,5.0,4
129,814,5.0,5
130,1599,5.0,1
130,1201,5.0,2
130,1189,5.0,3
130,1122,5.0,4
130,814,5.0,5
131,1599,5.0,1
131,1201,5.0,2
131,1189,5.0,3
131,1122,5.0,4
131,814,5.0,5
132,1599,5.0,1
132,1201,5.0,2
132,1189,5.0,3
132,1122,5.0,4
132,814,5.0,5
133,1599,5.0,1
133,1201,5.0,2
133,1189,5.0,3
133,1122,5.0,4
133,814,5.0,5
134,1599,5.0,1
134,1201,5.0,2
134,1189,5.0,3
134,1122,5.0,4
134,814,5.0,5
135,1599,5.0,1
135,1201,5.0,2
135,1189,5.0,3
135,1122,5.0,4
135,814,5.0,5
136,1599,5.0,1
136,1201,5.0,2
136,1189,5.0,3
136,1122,5.0,4
136,814,5.0,5
137,1599,5.0,1
137,1201,5.0,2
137,1189,5.0,3
137,1122,5.0,4
137,814,5.0,5
138,1599,5.0,1
138,1201,5.0,2
138,1189,5.0,3
138,1122,5.0,4
138,814,5.0,5
139,1599,5.0,1
139,1201,5.0,2
139,1189,5.0,3
139,1122,5.0,4
139,814,5.0,5
140,1599,5.0,1
140,1201,5.0,2
140,1189,5.0,3
140,1122,5.0,4
140,814,5.0,5
141,1599,5.0,1
141,1201,5.0,2
141,1189,5.0,3
141,1122,5.0,4
141,814,5.0,5
142,1599,5.0,1
142,1201,5.0,2
142,1189,5.0,3
142,1122,5.0,4
142,814,5.0,5
143,1599,5.0,1
143,1201,5.0,2
143,1189,5.0,3
143,1122,5.0,4
143,814,5.0,5
144,1599,5.0,1
144,1201,5.0,2
144,1189,5.0,3
144,1122,5.0,4
144,814,5.0,5
145,1599,5.0,1
145,1201,5.0,2
145,1189,5.0,3
145,1122,5.0,4
145,814,5.0,5
146,1599,5.0,1
146,1201,5.0,2
146,1189,5.0,3
146,1122,5.0,4
146,814,5.0,5
147,1599,5.0,1
147,1201,5.0,2
147,1189,5.0,3
147,1122,5.0,4
147,814,5.0,5
148,1599,5.0,1
148,1201,5.0,2
148,1189,5.0,3
148,1122,5.0,4
148,814,5.0,5
149,1599,5.0,1
149,1201,5.0,2
149,1189,5.0,3
149,1122,5.0,4
149,814,5.0,5
150,1599,5.0,1
150,1201,5.0,2
150,1189,5.0,3
150,1122,5.0,4
150,814,5.0,5
151,1599,5.0,1
151,1201,5.0,2
151,1189,5.0,3
151,1122,5.0,4
151,814,5.0,5
152,1599,5.0,1
152,1201,5.0,2
152,1189,5.0,3
152,1122,5.0,4
152,814,5.0,5
153,1599,5.0,1
153,1201,5.0,2
153,1189,5.0,3
153,1122,5.0,4
153,814,5.0,5
154,1599,5.0,1
154,1201,5.0,2
154,1189,5.0,3
154,1122,5.0,4
154,814,5.0,5
155,1599,5.0,1
155,1201,5.0,2
155,1189,5.0,3
155,1122,5.0,4
155,814,5.0,5
156,1599,5.0,1
156,1201,5.0,2
156,1189,5.0,3
156,1122,5.0,4
156,814,5.0,5
157,1599,5.0,1
157,1201,5.0,2
157,1189,5.0,3
157,1122,5.0,4
157,814,5.0,5
158,1599,5.0,1
158,1201,5.0,2
158,1189,5.0,3
158,1122,5.0,4
158,814,5.0,5
159,1599,5.0,1
159,1201,5.0,2
159,1189,5.0,3
159,1122,5.0,4
159,814,5.0,5
160,1599,5.0,1
160,1201,5.0,2
160,1189,5.0,3
160,1122,5.0,4
160,814,5.0,5
161,1599,5.0,1
161,1201,5.0,2
161,1189,5.0,3
161,1122,5.0,4
161,814,5.0,5
162,1599,5.0,1
162,1201,5.0,2
162,1189,5.0,3
162,1122,5.0,4
162,814,5.0,5
163,1599,5.0,1
163,1201,5.0,2
163,1189,5.0,3
163,1122,5.0,4
163,814,5.0,5
164,1599,5.0,1
164,1201,5.0,2
164,1189,5.0,3
164,1122,5.0,4
164,814,5.0,5
165,1599,5.0,1
165,1201,5.0,2
165,1189,5.0,3
165,1122,5.0,4
165,814,5.0,5
166,1599,5.0,1
166,1201,5.0,2
166,1189,5.0,3
166,1122,5.0,4
166,814,5.0,5
167,1599,5.0,1
167,1201,5.0,2
167,1189,5.0,3
167,1122,5.0,4
167,814,5.0,5
168,1599,5.0,1
168,1201,5.0,2
168,1189,5.0,3
168,1122,5.0,4
168,814,5.0,5
169,1599,5.0,1
169,1201,5.0,2
169,1189,5.0,3
169,1122,5.0,4
169,814,5.0,5
170,1599,5.0,1
170,1201,5.0,2
170,1189,5.0,3
170,1122,5.0,4
170,814,5.0,5
171,1599,5.0,1
171,1201,5.0,2
171,1189,5.0,3
171,1122,5.0,4
171,814,5.0,5
172,1599,5.0,1
172,1201,5.0,2
172,1189,5.0,3
172,1122,5.0,4
172,814,5.0,5
173,1599,5.0,1
173,1201,5.0,2
173,1189,5.0,3
173,1122,5.0,4
173,814,5.0,5
174,1599,5.0,1
174,1201,5.0,2
174,1189,5.0,3
174,1122,5.0,4
174,814,5.0,5
175,1599,5.0,1
175,1201,5.0,2
175,1189,5.0,3
175,1122,5.0,4
175,814,5.0,5
176,1599,5.0,1
176,1201,5.0,2
176,1189,5.0,3
176,1122,5.0,4
176,814,5.0,5
177,1599,5.0,1
177,1201,5.0,2
177,1189,5.0,3
177,1122,5.0,4
177,814,5.0,5
178,1599,5.0,1
178,1201,5.0,2
178,1189,5.0,3
178,1122,5.0,4
178,814,5.0,5
179,1599,5.0,1
179,1201,5.0,2
179,1189,5.0,3
179,1122,5.0,4
179,814,5.0,5
180,1599,5.0,1
180,1201,5.0,2
180,1189,5.0,3
180,1122,5.0,4
180,814,5.0,5
181,1599,5.0,1
181,1201,5.0,2
181,1189,5.0,3
181,1122,5.0,4
181,814,5.0,5
182,1599,5.0,1
182,1201,5.0,2
182,1189,5.0,3
182,1122,5.0,4
182,814,5.0,5
183,1599,5.0,1
183,1201,5.0,2
183,1189,5.0,3
183,1122,5.0,4
183,814,5.0,5
184,1599,5.0,1
184,1201,5.0,2
184,1189,5.0,3
184,1122,5.0,4
184,814,5.0,5
185,1599,5.0,1
185,1201,5.0,2
185,1189,5.0,3
185,1122,5.0,4
185,814,5.0,5
186,1599,5.0,1
186,1201,5.0,2
186,1189,5.0,3
186,1122,5.0,4
186,814,5.0,5
187,1599,5.0,1
187,1201,5.0,2
187,1189,5.0,3
187,1122,5.0,4
187,814,5.0,5
188,1599,5.0,1
188,1201,5.0,2
188,1189,5.0,3
188,1122,5.0,4
188,814,5.0,5
189,1599,5.0,1
189,1201,5.0,2
189,1189,5.0,3
189,1122,5.0,4
189,814,5.0,5
190,1599,5.0,1
190,1201,5.0,2
190,1189,5.0,3
190,1122,5.0,4
190,814,5.0,5
191,1599,5.0,1
191,1201,5.0,2
191,1189,5.0,3
191,1122,5.0,4
191,814,5.0,5
192,1599,5.0,1
192,1201,5.0,2
192,1189,5.0,3
192,1122,5.0,4
192,814,5.0,5
193,1599,5.0,1
193,1201,5.0,2
193,1189,5.0,3
193,1122,5.0,4
193,814,5.0,5
194,1599,5.0,1
194,1201,5.0,2
194,1189,5.0,3
194,1122,5.0,4
194,814,5.0,5
195,1599,5.0,1
195,1201,5.0,2
195,1189,5.0,3
195,1122,5.0,4
195,814,5.0,5
196,1599,5.0,1
196,1201,5.0,2
196,1189,5.0,3
196,1122,5.0,4
196,814,5.0,5
197,1599,5.0,1
197,1201,5.0,2
197,1189,5.0,3
197,1122,5.0,4
197,814,5.0,5
198,1599,5.0,1
198,1201,5.0,2
198,1189,5.0,3
198,1122,5.0,4
198,814,5.0,5
199,1599,5.0,1
199,1201,5.0,2
199,1189,5.0,3
199,1122,5.0,4
199,814,5.0,5
200,1599,5.0,1
200,1201,5.0,2
200,1189,5.0,3
200,1122,5.0,4
200,814,5.0,5
201,1599,5.0,1
201,1201,5.0,2
201,1189,5.0,3
201,1122,5.0,4
201,814,5.0,5
202,1599,5.0,1
202,1201,5.0,2
202,1189,5.0,3
202,1122,5.0,4
202,814,5.0,5
203,1599,5.0,1
203,1201,5.0,2
203,1189,5.0,3
203,1122,5.0,4
203,814,5.0,5
204,1599,5.0,1
204,1201,5.0,2
204,1189,5.0,3
204,1122,5.0,4
204,814,5.0,5
205,1599,5.0,1
205,1201,5.0,2
205,1189,5.0,3
205,1122,5.0,4
205,814,5.0,5
206,1599,5.0,1
206,1201,5.0,2
206,1189,5.0,3
206,1122,5.0,4
206,814,5.0,5
207,1599,5.0,1
207,1201,5.0,2
207,1189,5.0,3
207,1122,5.0,4
207,814,5.0,5
208,1599,5.0,1
208,1201,5.0,2
208,1189,5.0,3
208,1122,5.0,4
208,814,5.0,5
209,1599,5.0,1
209,1201,5.0,2
209,1189,5.0,3
209,1122,5.0,4
209,814,5.0,5
210,1599,5.0,1
210,1201,5.0,2
210,1189,5.0,3
210,1122,5.0,4
210,814,5.0,5
211,1599,5.0,1
211,1201,5.0,2
211,1189,5.0,3
211,1122,5.0,4
211,814,5.0,5
212,1599,5.0,1
212,1201,5.0,2
212,1189,5.0,3
212,1122,5.0,4
212,814,5.0,5
213,1599,5.0,1
213,1201,5.0,2
213,1189,5.0,3
213,1122,5.0,4
213,814,5.0,5
214,1599,5.0,1
214,1201,5.0,2
214,1189,5.0,3
214,1122,5.0,4
214,814,5.0,5
215,1599,5.0,1
215,1201,5.0,2
215,1189,5.0,3
215,1122,5.0,4
215,814,5.0,5
216,1599,5.0,1
216,1201,5.0,2
216,1189,5.0,3
216,1122,5.0,4
216,814,5.0,5
217,1599,5.0,1
217,1201,5.0,2
217,1189,5.0,3
217,1122,5.0,4
217,814,5.0,5
218,1599,5.0,1
218,1201,5.0,2
218,1189,5.0,3
218,1122,5.0,4
218,814,5.0,5
219,1599,5.0,1
219,1201,5.0,2
219,1189,5.0,3
219,1122,5.0,4
219,814,5.0,5
220,1599,5.0,1
220,1201,5.0,2
220,1189,5.0,3
220,1122,5.0,4
220,814,5.0,5
221,1599,5.0,1
221,1201,5.0,2
221,1189,5.0,3
221,1122,5.0,4
221,814,5.0,5
222,1599,5.0,1
222,1201,5.0,2
222,1189,5.0,3
222,1122,5.0,4
222,814,5.0,5
223,1599,5.0,1
223,1201,5.0,2
223,1189,5.0,3
223,1122,5.0,4
223,814,5.0,5
224,1599,5.0,1
224,1201,5.0,2
224,1189,5.0,3
224,1122,5.0,4
224,814,5.0,5
225,1599,5.0,1
225,1201,5.0,2
225,1189,5.0,3
225,1122,5.0,4
225,814,5.0,5
226,1599,5.0,1
226,1201,5.0,2
226,1189,5.0,3
226,1122,5.0,4
226,814,5.0,5
227,1599,5.0,1
227,1201,5.0,2
227,1189,5.0,3
227,1122,5.0,4
227,814,5.0,5
228,1599,5.0,1
228,1201,5.0,2
228,1189,5.0,3
228,1122,5.0,4
228,814,5.0,5
229,1599,5.0,1
229,1201,5.0,2
229,1189,5.0,3
229,1122,5.0,4
229,814,5.0,5
230,1599,5.0,1
230,1201,5.0,2
230,1189,5.0,3
230,1122,5.0,4
230,814,5.0,5
231,1599,5.0,1
231,1201,5.0,2
231,1189,5.0,3
231,1122,5.0,4
231,814,5.0,5
232,1599,5.0,1
232,1201,5.0,2
232,1189,5.0,3
232,1122,5.0,4
232,814,5.0,5
233,1599,5.0,1
233,1201,5.0,2
233,1189,5.0,3
233,1122,5.0,4
233,814,5.0,5
234,1599,5.0,1
234,1201,5.0,2
234,1189,5.0,3
234,1122,5.0,4
234,814,5.0,5
235,1599,5.0,1
235,1201,5.0,2
235,1189,5.0,3
235,1122,5.0,4
235,814,5.0,5
236,1599,5.0,1
236,1201,5.0,2
236,1189,5.0,3
236,1122,5.0,4
236,814,5.0,5
237,1599,5.0,1
237,1201,5.0,2
237,1189,5.0,3
237,1122,5.0,4
237,814,5.0,5
238,1599,5.0,1
238,1201,5.0,2
238,1189,5.0,3
238,1122,5.0,4
238,814,5.0,5
239,1599,5.0,1
239,1201,5.0,2
239,1189,5.0,3
239,1122,5.0,4
239,814,5.0,5
240,1599,5.0,1
240,1201,5.0,2
240,1189,5.0,3
240,1122,5.0,4
240,814,5.0,5
241,1599,5.0,1
241,1201,5.0,2
241,1189,5.0,3
241,1122,5.0,4
241,814,5.0,5
242,1599,5.0,1
242,1201,5.0,2
242,1189,5.0,3
242,1122,5.0,4
242,814,5.0,5
243,1599,5.0,1
243,1201,5.0,2
243,1189,5.0,3
243,1122,5.0,4
243,814,5.0,5
244,1599,5.0,1
244,1201,5.0,2
244,1189,5.0,3
244,1122,5.0,4
244,814,5.0,5
245,1599,5.0,1
245,1201,5.0,2
245,1189,5.0,3
245,1122,5.0,4
245,814,5.0,5
246,1599,5.0,1
246,1201,5.0,2
246,1189,5.0,3
246,1122,5.0,4
246,814,5.0,5
247,1599,5.0,1
247,1201,5.0,2
247,1189,5.0,3
247,1122,5.0,4
247,814,5.0,5
248,1599,5.0,1
248,1201,5.0,2
248,1189,5.0,3
248,1122,5.0,4
248,814,5.0,5
249,1599,5.0,1
249,1201,5.0,2
249,1189,5.0,3
249,1122,5.0,4
249,814,5.0,5
250,1599,5.0,1
250,1201,5.0,2
250,1189,5.0,3
250,1122,5.0,4
250,814,5.0,5
251,1599,5.0,1
251,1201,5.0,2
251,1189,5.0,3
251,1122,5.0,4
251,814,5.0,5
252,1599,5.0,1
252,1201,5.0,2
252,1189,5.0,3
252,1122,5.0,4
252,814,5.0,5
253,1599,5.0,1
253,1201,5.0,2
253,1189,5.0,3
253,1122,5.0,4
253,814,5.0,5
254,1599,5.0,1
254,1201,5.0,2
254,1189,5.0,3
254,1122,5.0,4
254,814,5.0,5
255,1599,5.0,1
255,1201,5.0,2
255,1189,5.0,3
255,1122,5.0,4
255,814,5.0,5
256,1599,5.0,1
256,1201,5.0,2
256,1189,5.0,3
256,1122,5.0,4
256,814,5.0,5
257,1599,5.0,1
257,1201,5.0,2
257,1189,5.0,3
257,1122,5.0,4
257,814,5.0,5
258,1599,5.0,1
258,1201,5.0,2
258,1189,5.0,3
258,1122,5.0,4
258,814,5.0,5
259,1599,5.0,1
259,1201,5.0,2
259,1189,5.0,3
259,1122,5.0,4
259,814,5.0,5
260,1599,5.0,1
260,1201,5.0,2
260,1189,5.0,3
260,1122,5.0,4
260,814,5.0,5
261,1599,5.0,1
261,1201,5.0,2
261,1189,5.0,3
261,1122,5.0,4
261,814,5.0,5
262,1599,5.0,1
262,1201,5.0,2
262,1189,5.0,3
262,1122,5.0,4
262,814,5.0,5
263,1599,5.0,1
263,1201,5.0,2
263,1189,5.0,3
263,1122,5.0,4
263,814,5.0,5
264,1599,5.0,1
264,1201,5.0,2
264,1189,5.0,3
264,1122,5.0,4
264,814,5.0,5
265,1599,5.0,1
265,1201,5.0,2
265,1189,5.0,3
265,1122,5.0,4
265,814,5.0,5
266,1599,5.0,1
266,1201,5.0,2
266,1189,5.0,3
266,1122,5.0,4
266,814,5.0,5
267,1599,5.0,1
267,1201,5.0,2
267,1189,5.0,3
267,1122,5.0,4
267,814,5.0,5
268,1599,5.0,1
268,1201,5.0,2
268,1189,5.0,3
268,1122,5.0,4
268,814,5.0,5
269,1599,5.0,1
269,1201,5.0,2
269,1189,5.0,3
269,1122,5.0,4
269,814,5.0,5
270,1599,5.0,1
270,1201,5.0,2
270,1189,5.0,3
270,1122,5.0,4
270,814,5.0,5
271,1599,5.0,1
271,1201,5.0,2
271,1189,5.0,3
271,1122,5.0,4
271,814,5.0,5
272,1599,5.0,1
272,1201,5.0,2
272,1189,5.0,3
272,1122,5.0,4
272,814,5.0,5
273,1599,5.0,1
273,1201,5.0,2
273,1189,5.0,3
273,1122,5.0,4
273,814,5.0,5
274,1599,5.0,1
274,1201,5.0,2
274,1189,5.0,3
274,1122,5.0,4
274,814,5.0,5
275,1599,5.0,1
275,1201,5.0,2
275,1189,5.0,3
275,1122,5.0,4
275,814,5.0,5
276,1599,5.0,1
276,1201,5.0,2
276,1189,5.0,3
276,1122,5.0,4
276,814,5.0,5
277,1599,5.0,1
277,1201,5.0,2
277,1189,5.0,3
277,1122,5.0,4
277,814,5.0,5
278,1599,5.0,1
278,1201,5.0,2
278,1189,5.0,3
278,1122,5.0,4
278,814,5.0,5
279,1599,5.0,1
279,1201,5.0,2
279,1189,5.0,3
279,1122,5.0,4
279,814,5.0,5
280,1599,5.0,1
280,1201,5.0,2
280,1189,5.0,3
280,1122,5.0,4
280,814,5.0,5
281,1599,5.0,1
281,1201,5.0,2
281,1189,5.0,3
281,1122,5.0,4
281,814,5.0,5
282,1599,5.0,1
282,1201,5.0,2
282,1189,5.0,3
282,1122,5.0,4
282,814,5.0,5
283,1599,5.0,1
283,1201,5.0,2
283,1189,5.0,3
283,1122,5.0,4
283,814,5.0,5
284,1599,5.0,1
284,1201,5.0,2
284,1189,5.0,3
284,1122,5.0,4
284,814,5.0,5
285,1599,5.0,1
285,1201,5.0,2
285,1189,5.0,3
285,1122,5.0,4
285,814,5.0,5
286,1599,5.0,1
286,1201,5.0,2
286,1189,5.0,3
286,1122,5.0,4
286,814,5.0,5
287,1599,5.0,1
287,1201,5.0,2
287,1189,5.0,3
287,1122,5.0,4
287,814,5.0,5
288,1599,5.0,1
288,1201,5.0,2
288,1189,5.0,3
288,1122,5.0,4
288,814,5.0,5
289,1599,5.0,1
289,1201,5.0,2
289,1189,5.0,3
289,1122,5.0,4
289,814,5.0,5
290,1599,5.0,1
290,1201,5.0,2
290,1189,5.0,3
290,1122,5.0,4
290,814,5.0,5
291,1599,5.0,1
291,1201,5.0,2
291,1189,5.0,3
291,1122,5.0,4
291,814,5.0,5
292,1599,5.0,1
292,1201,5.0,2
292,1189,5.0,3
292,1122,5.0,4
292,814,5.0,5
293,1599,5.0,1
293,1201,5.0,2
293,1189,5.0,3
293,1122,5.0,4
293,814,5.0,5
294,1599,5.0,1
294,1201,5.0,2
294,1189,5.0,3
294,1122,5.0,4
294,814,5.0,5
295,1599,5.0,1
295,1201,5.0,2
295,1189,5.0,3
295,1122,5.0,4
295,814,5.0,5
296,1599,5.0,1
296,1201,5.0,2
296,1189,5.0,3
296,1122,5.0,4
296,814,5.0,5
297,1599,5.0,1
297,1201,5.0,2
297,1189,5.0,3
297,1122,5.0,4
297,814,5.0,5
298,1599,5.0,1
298,1201,5.0,2
298,1189,5.0,3
298,1122,5.0,4
298,814,5.0,5
299,1599,5.0,1
299,1201,5.0,2
299,1189,5.0,3
299,1122,5.0,4
299,814,5.0,5
300,1599,5.0,1
300,1201,5.0,2
300,1189,5.0,3
300,1122,5.0,4
300,814,5.0,5
301,1599,5.0,1
301,1201,5.0,2
301,1189,5.0,3
301,1122,5.0,4
301,814,5.0,5
302,1599,5.0,1
302,1201,5.0,2
302,1189,5.0,3
302,1122,5.0,4
302,814,5.0,5
303,1599,5.0,1
303,1201,5.0,2
303,1189,5.0,3
303,1122,5.0,4
303,814,5.0,5
304,1599,5.0,1
304,1201,5.0,2
304,1189,5.0,3
304,1122,5.0,4
304,814,5.0,5
305,1599,5.0,1
305,1201,5.0,2
305,1189,5.0,3
305,1122,5.0,4
305,814,5.0,5
306,1599,5.0,1
306,1201,5.0,2
306,1189,5.0,3
306,1122,5.0,4
306,814,5.0,5
307,1599,5.0,1
307,1201,5.0,2
307,1189,5.0,3
307,1122,5.0,4
307,814,5.0,5
308,1599,5.0,1
308,1201,5.0,2
308,1189,5.0,3
308,1122,5.0,4
308,814,5.0,5
309,1599,5.0,1
309,1201,5.0,2
309,1189,5.0,3
309,1122,5.0,4
309,814,5.0,5
310,1599,5.0,1
310,1201,5.0,2
310,1189,5.0,3
310,1122,5.0,4
310,814,5.0,5
311,1599,5.0,1
311,1201,5.0,2
311,1189,5.0,3
311,1122,5.0,4
311,814,5.0,5
312,1599,5.0,1
312,1201,5.0,2
312,1189,5.0,3
312,1122,5.0,4
312,814,5.0,5
313,1599,5.0,1
313,1201,5.0,2
313,1189,5.0,3
313,1122,5.0,4
313,814,5.0,5
314,1599,5.0,1
314,1201,5.0,2
314,1189,5.0,3
314,1122,5.0,4
314,814,5.0,5
315,1599,5.0,1
315,1201,5.0,2
315,1189,5.0,3
315,1122,5.0,4
315,814,5.0,5
316,1599,5.0,1
316,1201,5.0,2
316,1189,5.0,3
316,1122,5.0,4
316,814,5.0,5
317,1599,5.0,1
317,1201,5.0,2
317,1189,5.0,3
317,1122,5.0,4
317,814,5.0,5
318,1599,5.0,1
318,1201,5.0,2
318,1189,5.0,3
318,1122,5.0,4
318,814,5.0,5
319,1599,5.0,1
319,1201,5.0,2
319,1189,5.0,3
319,1122,5.0,4
319,814,5.0,5
320,1599,5.0,1
320,1201,5.0,2
320,1189,5.0,3
320,1122,5.0,4
320,814,5.0,5
321,1599,5.0,1
321,1201,5.0,2
321,1189,5.0,3
321,1122,5.0,4
321,814,5.0,5
322,1599,5.0,1
322,1201,5.0,2
322,1189,5.0,3
322,1122,5.0,4
322,814,5.0,5
323,1599,5.0,1
323,1201,5.0,2
323,1189,5.0,3
323,1122,5.0,4
323,814,5.0,5
324,1599,5.0,1
324,1201,5.0,2
324,1189,5.0,3
324,1122,5.0,4
324,814,5.0,5
325,1599,5.0,1
325,1201,5.0,2
325,1189,5.0,3
325,1122,5.0,4
325,814,5.0,5
326,1599,5.0,1
326,1201,5.0,2
326,1189,5.0,3
326,1122,5.0,4
326,814,5.0,5
327,1599,5.0,1
327,1201,5.0,2
327,1189,5.0,3
327,1122,5.0,4
327,814,5.0,5
328,1599,5.0,1
328,1201,5.0,2
328,1189,5.0,3
328,1122,5.0,4
328,814,5.0,5
329,1599,5.0,1
329,1201,5.0,2
329,1189,5.0,3
329,1122,5.0,4
329,814,5.0,5
330,1599,5.0,1
330,1201,5.0,2
330,1189,5.0,3
330,1122,5.0,4
330,814,5.0,5
331,1599,5.0,1
331,1201,5.0,2
331,1189,5.0,3
331,1122,5.0,4
331,814,5.0,5
332,1599,5.0,1
332,1201,5.0,2
332,1189,5.0,3
332,1122,5.0,4
332,814,5.0,5
333,1599,5.0,1
333,1201,5.0,2
333,1189,5.0,3
333,1122,5.0,4
333,814,5.0,5
334,1599,5.0,1
334,1201,5.0,2
334,1189,5.0,3
334,1122,5.0,4
334,814,5.0,5
335,1599,5.0,1
335,1201,5.0,2
335,1189,5.0,3
335,1122,5.0,4
335,814,5.0,5
336,1599,5.0,1
336,1201,5.0,2
336,1189,5.0,3
336,1122,5.0,4
336,814,5.0,5
337,1599,5.0,1
337,1201,5.0,2
337,1189,5.0,3
337,1122,5.0,4
337,814,5.0,5
338,1599,5.0,1
338,1201,5.0,2
338,1189,5.0,3
338,1122,5.0,4
338,814,5.0,5
339,1599,5.0,1
339,1201,5.0,2
339,1189,5.0,3
339,1122,5.0,4
339,814,5.0,5
340,1599,5.0,1
340,1201,5.0,2
340,1189,5.0,3
340,1122,5.0,4
340,814,5.0,5
341,1599,5.0,1
341,1201,5.0,2
341,1189,5.0,3
341,1122,5.0,4
341,814,5.0,5
342,1599,5.0,1
342,1201,5.0,2
342,1189,5.0,3
342,1122,5.0,4
342,814,5.0,5
343,1599,5.0,1
343,1201,5.0,2
343,1189,5.0,3
343,1122,5.0,4
343,814,5.0,5
344,1599,5.0,1
344,1201,5.0,2
344,1189,5.0,3
344,1122,5.0,4
344,814,5.0,5
345,1599,5.0,1
345,1201,5.0,2
345,1189,5.0,3
345,1122,5.0,4
345,814,5.0,5
346,1599,5.0,1
346,1201,5.0,2
346,1189,5.0,3
346,1122,5.0,4
346,814,5.0,5
347,1599,5.0,1
347,1201,5.0,2
347,1189,5.0,3
347,1122,5.0,4
347,814,5.0,5
348,1599,5.0,1
348,1201,5.0,2
348,1189,5.0,3
348,1122,5.0,4
348,814,5.0,5
349,1599,5.0,1
349,1201,5.0,2
349,1189,5.0,3
349,1122,5.0,4
349,814,5.0,5
350,1599,5.0,1
350,1201,5.0,2
350,1189,5.0,3
350,1122,5.0,4
350,814,5.0,5
351,1599,5.0,1
351,1201,5.0,2
351,1189,5.0,3
351,1122,5.0,4
351,814,5.0,5
352,1599,5.0,1
352,1201,5.0,2
352,1189,5.0,3
352,1122,5.0,4
352,814,5.0,5
353,1599,5.0,1
353,1201,5.0,2
353,1189,5.0,3
353,1122,5.0,4
353,814,5.0,5
354,1599,5.0,1
354,1201,5.0,2
354,1189,5.0,3
354,1122,5.0,4
354,814,5.0,5
355,1599,5.0,1
355,1201,5.0,2
355,1189,5.0,3
355,1122,5.0,4
355,814,5.0,5
356,1599,5.0,1
356,1201,5.0,2
356,1189,5.0,3
356,1122,5.0,4
356,814,5.0,5
357,1599,5.0,1
357,1201,5.0,2
357,1189,5.0,3
357,1122,5.0,4
357,814,5.0,5
358,1599,5.0,1
358,1201,5.0,2
358,1189,5.0,3
358,1122,5.0,4
358,814,5.0,5
359,1599,5.0,1
359,1201,5.0,2
359,1189,5.0,3
359,1122,5.0,4
359,814,5.0,5
360,1599,5.0,1
360,1201,5.0,2
360,1189,5.0,3
360,1122,5.0,4
360,814,5.0,5
361,1599,5.0,1
361,1201,5.0,2
361,1189,5.0,3
361,1122,5.0,4
361,814,5.0,5
362,1599,5.0,1
362,1201,5.0,2
362,1189,5.0,3
362,1122,5.0,4
362,814,5.0,5
363,1599,5.0,1
363,1201,5.0,2
363,1189,5.0,3
363,1122,5.0,4
363,814,5.0,5
364,1599,5.0,1
364,1201,5.0,2
364,1189,5.0,3
364,1122,5.0,4
364,814,5.0,5
365,1599,5.0,1
365,1201,5.0,2
365,1189,5.0,3
365,1122,5.0,4
365,814,5.0,5
366,1599,5.0,1
366,1201,5.0,2
366,1189,5.0,3
366,1122,5.0,4
366,814,5.0,5
367,1599,5.0,1
367,1201,5.0,2
367,1189,5.0,3
367,1122,5.0,4
367,814,5.0,5
368,1599,5.0,1
368,1201,5.0,2
368,1189,5.0,3
368,1122,5.0,4
368,814,5.0,5
369,1599,5.0,1
369,1201,5.0,2
369,1189,5.0,3
369,1122,5.0,4
369,814,5.0,5
370,1599,5.0,1
370,1201,5.0,2
370,1189,5.0,3
370,1122,5.0,4
370,814,5.0,5
371,1599,5.0,1
371,1201,5.0,2
371,1189,5.0,3
371,1122,5.0,4
371,814,5.0,5
372,1599,5.0,1
372,1201,5.0,2
372,1189,5.0,3
372,1122,5.0,4
372,814,5.0,5
373,1599,5.0,1
373,1201,5.0,2
373,1189,5.0,3
373,1122,5.0,4
373,814,5.0,5
374,1599,5.0,1
374,1201,5.0,2
374,1189,5.0,3
374,1122,5.0,4
374,814,5.0,5
375,1599,5.0,1
375,1201,5.0,2
375,1189,5.0,3
375,1122,5.0,4
375,814,5.0,5
376,1599,5.0,1
376,1201,5.0,2
376,1189,5.0,3
376,1122,5.0,4
376,814,5.0,5
377,1599,5.0,1
377,1201,5.0,2
377,1189,5.0,3
377,1122,5.0,4
377,814,5.0,5
378,1599,5.0,1
378,1201,5.0,2
378,1189,5.0,3
378,1122,5.0,4
378,814,5.0,5
379,1599,5.0,1
379,1201,5.0,2
379,1189,5.0,3
379,1122,5.0,4
379,814,5.0,5
380,1599,5.0,1
380,1201,5.0,2
380,1189,5.0,3
380,1122,5.0,4
380,814,5.0,5
381,1599,5.0,1
381,1201,5.0,2
381,1189,5.0,3
381,1122,5.0,4
381,814,5.0,5
382,1599,5.0,1
382,1201,5.0,2
382,1189,5.0,3
382,1122,5.0,4
382,814,5.0,5
383,1599,5.0,1
383,1201,5.0,2
383,1189,5.0,3
383,1122,5.0,4
383,814,5.0,5
384,1599,5.0,1
384,1201,5.0,2
384,1189,5.0,3
384,1122,5.0,4
384,814,5.0,5
385,1599,5.0,1
385,1201,5.0,2
385,1189,5.0,3
385,1122,5.0,4
385,814,5.0,5
386,1599,5.0,1
386,1201,5.0,2
386,1189,5.0,3
386,1122,5.0,4
386,814,5.0,5
387,1599,5.0,1
387,1201,5.0,2
387,1189,5.0,3
387,1122,5.0,4
387,814,5.0,5
388,1599,5.0,1
388,1201,5.0,2
388,1189,5.0,3
388,1122,5.0,4
388,814,5.0,5
389,1599,5.0,1
389,1201,5.0,2
389,1189,5.0,3
389,1122,5.0,4
389,814,5.0,5
390,1599,5.0,1
390,1201,5.0,2
390,1189,5.0,3
390,1122,5.0,4
390,814,5.0,5
391,1599,5.0,1
391,1201,5.0,2
391,1189,5.0,3
391,1122,5.0,4
391,814,5.0,5
392,1599,5.0,1
392,1201,5.0,2
392,1189,5.0,3
392,1122,5.0,4
392,814,5.0,5
393,1599,5.0,1
393,1201,5.0,2
393,1189,5.0,3
393,1122,5.0,4
393,814,5.0,5
394,1599,5.0,1
394,1201,5.0,2
394,1189,5.0,3
394,1122,5.0,4
394,814,5.0,5
395,1599,5.0,1
395,1201,5.0,2
395,1189,5.0,3
395,1122,5.0,4
395,814,5.0,5
396,1599,5.0,1
396,1201,5.0,2
396,1189,5.0,3
396,1122,5.0,4
396,814,5.0,5
397,1599,5.0,1
397,1201,5.0,2
397,1189,5.0,3
397,1122,5.0,4
397,814,5.0,5
398,1599,5.0,1
398,1201,5.0,2
398,1189,5.0,3
398,1122,5.0,4
398,814,5.0,5
399,1599,5.0,1
399,1201,5.0,2
399,1189,5.0,3
399,1122,5.0,4
399,814,5.0,5
400,1599,5.0,1
400,1201,5.0,2
400,1189,5.0,3
400,1122,5.0,4
400,814,5.0,5
401,1599,5.0,1
401,1201,5.0,2
401,1189,5.0,3
401,1122,5.0,4
401,814,5.0,5
402,1599,5.0,1
402,1201,5.0,2
402,1189,5.0,3
402,1122,5.0,4
402,814,5.0,5
403,1599,5.0,1
403,1201,5.0,2
403,1189,5.0,3
403,1122,5.0,4
403,814,5.0,5
404,1599,5.0,1
404,1201,5.0,2
404,1189,5.0,3
404,1122,5.0,4
404,814,5.0,5
405,1599,5.0,1
405,1201,5.0,2
405,1189,5.0,3
405,1122,5.0,4
405,814,5.0,5
406,1599,5.0,1
406,1201,5.0,2
406,1189,5.0,3
406,1122,5.0,4
406,814,5.0,5
407,1599,5.0,1
407,1201,5.0,2
407,1189,5.0,3
407,1122,5.0,4
407,814,5.0,5
408,1599,5.0,1
408,1201,5.0,2
408,1189,5.0,3
408,1122,5.0,4
408,814,5.0,5
409,1599,5.0,1
409,1201,5.0,2
409,1189,5.0,3
409,1122,5.0,4
409,814,5.0,5
410,1599,5.0,1
410,1201,5.0,2
410,1189,5.0,3
410,1122,5.0,4
410,814,5.0,5
411,1599,5.0,1
411,1201,5.0,2
411,1189,5.0,3
411,1122,5.0,4
411,814,5.0,5
412,1599,5.0,1
412,1201,5.0,2
412,1189,5.0,3
412,1122,5.0,4
412,814,5.0,5
413,1599,5.0,1
413,1201,5.0,2
413,1189,5.0,3
413,1122,5.0,4
413,814,5.0,5
414,1599,5.0,1
414,1201,5.0,2
414,1189,5.0,3
414,1122,5.0,4
414,814,5.0,5
415,1599,5.0,1
415,1201,5.0,2
415,1189,5.0,3
415,1122,5.0,4
415,814,5.0,5
416,1467,5.0,1
416,1599,5.0,2
416,1201,5.0,3
416,1122,5.0,4
416,814,5.0,5
417,1599,5.0,1
417,1201,5.0,2
417,1189,5.0,3
417,1122,5.0,4
417,814,5.0,5
418,1599,5.0,1
418,1201,5.0,2
418,1189,5.0,3
418,1122,5.0,4
418,814,5.0,5
419,1599,5.0,1
419,1201,5.0,2
419,1189,5.0,3
419,1122,5.0,4
419,814,5.0,5
420,1599,5.0,1
420,1201,5.0,2
420,1189,5.0,3
420,1122,5.0,4
420,814,5.0,5
421,1599,5.0,1
421,1201,5.0,2
421,1189,5.0,3
421,1122,5.0,4
421,814,5.0,5
422,1599,5.0,1
422,1201,5.0,2
422,1189,5.0,3
422,1122,5.0,4
422,814,5.0,5
423,1599,5.0,1
423,1201,5.0,2
423,1189,5.0,3
423,1122,5.0,4
423,814,5.0,5
424,1599,5.0,1
424,1201,5.0,2
424,1189,5.0,3
424,1122,5.0,4
424,814,5.0,5
425,1599,5.0,1
425,1201,5.0,2
425,1189,5.0,3
425,1122,5.0,4
425,814,5.0,5
426,1599,5.0,1
426,1201,5.0,2
426,1189,5.0,3
426,1122,5.0,4
426,814,5.0,5
427,1599,5.0,1
427,1201,5.0,2
427,1189,5.0,3
427,1122,5.0,4
427,814,5.0,5
428,1599,5.0,1
428,1201,5.0,2
428,1189,5.0,3
428,1122,5.0,4
428,814,5.0,5
429,1599,5.0,1
429,1201,5.0,2
429,1189,5.0,3
429,1122,5.0,4
429,814,5.0,5
430,1599,5.0,1
430,1201,5.0,2
430,1189,5.0,3
430,1122,5.0,4
430,814,5.0,5
431,1599,5.0,1
431,1201,5.0,2
431,1189,5.0,3
431,1122,5.0,4
431,814,5.0,5
432,1599,5.0,1
432,1201,5.0,2
432,1189,5.0,3
432,1122,5.0,4
432,814,5.0,5
433,1599,5.0,1
433,1201,5.0,2
433,1189,5.0,3
433,1122,5.0,4
433,814,5.0,5
434,1599,5.0,1
434,1201,5.0,2
434,1189,5.0,3
434,1122,5.0,4
434,814,5.0,5
435,1599,5.0,1
435,1201,5.0,2
435,1189,5.0,3
435,1122,5.0,4
435,814,5.0,5
436,1599,5.0,1
436,1201,5.0,2
436,1189,5.0,3
436,1122,5.0,4
436,814,5.0,5
437,1467,5.0,1
437,1201,5.0,2
437,1189,5.0,3
437,1122,5.0,4
437,814,5.0,5
438,1599,5.0,1
438,1201,5.0,2
438,1189,5.0,3
438,1122,5.0,4
438,814,5.0,5
439,1599,5.0,1
439,1201,5.0,2
439,1189,5.0,3
439,1122,5.0,4
439,814,5.0,5
440,1599,5.0,1
440,1201,5.0,2
440,1189,5.0,3
440,1122,5.0,4
440,814,5.0,5
441,1599,5.0,1
441,1201,5.0,2
441,1189,5.0,3
441,1122,5.0,4
441,814,5.0,5
442,1599,5.0,1
442,1201,5.0,2
442,1189,5.0,3
442,1122,5.0,4
442,814,5.0,5
443,1599,5.0,1
443,1201,5.0,2
443,1189,5.0,3
443,1122,5.0,4
443,814,5.0,5
444,1599,5.0,1
444,1201,5.0,2
444,1189,5.0,3
444,1122,5.0,4
444,814,5.0,5
445,1599,5.0,1
445,1201,5.0,2
445,1189,5.0,3
445,1122,5.0,4
445,814,5.0,5
446,1599,5.0,1
446,1201,5.0,2
446,1189,5.0,3
446,1122,5.0,4
446,814,5.0,5
447,1599,5.0,1
447,1201,5.0,2
447,1189,5.0,3
447,1122,5.0,4
447,814,5.0,5
448,1599,5.0,1
448,1201,5.0,2
448,1189,5.0,3
448,1122,5.0,4
448,814,5.0,5
449,1599,5.0,1
449,1201,5.0,2
449,1189,5.0,3
449,1122,5.0,4
449,814,5.0,5
450,1599,5.0,1
450,1201,5.0,2
450,1189,5.0,3
450,1122,5.0,4
450,814,5.0,5
451,1599,5.0,1
451,1201,5.0,2
451,1189,5.0,3
451,1122,5.0,4
451,814,5.0,5
452,1599,5.0,1
452,1201,5.0,2
452,1189,5.0,3
452,1122,5.0,4
452,814,5.0,5
453,1599,5.0,1
453,1201,5.0,2
453,1189,5.0,3
453,1122,5.0,4
453,814,5.0,5
454,1599,5.0,1
454,1201,5.0,2
454,1189,5.0,3
454,1122,5.0,4
454,814,5.0,5
455,1599,5.0,1
455,1201,5.0,2
455,1189,5.0,3
455,1122,5.0,4
455,814,5.0,5
456,1599,5.0,1
456,1201,5.0,2
456,1189,5.0,3
456,1122,5.0,4
456,814,5.0,5
457,1599,5.0,1
457,1201,5.0,2
457,1189,5.0,3
457,1122,5.0,4
457,814,5.0,5
458,1599,5.0,1
458,1201,5.0,2
458,1189,5.0,3
458,1122,5.0,4
458,814,5.0,5
459,1599,5.0,1
459,1201,5.0,2
459,1189,5.0,3
459,1122,5.0,4
459,814,5.0,5
460,1599,5.0,1
460,1201,5.0,2
460,1189,5.0,3
460,1122,5.0,4
460,814,5.0,5
461,1599,5.0,1
461,1201,5.0,2
461,1189,5.0,3
461,1122,5.0,4
461,814,5.0,5
462,1599,5.0,1
462,1201,5.0,2
462,1189,5.0,3
462,1122,5.0,4
462,814,5.0,5
463,1599,5.0,1
463,1201,5.0,2
463,1189,5.0,3
463,1122,5.0,4
463,814,5.0,5
464,1599,5.0,1
464,1201,5.0,2
464,1189,5.0,3
464,1122,5.0,4
464,814,5.0,5
465,1599,5.0,1
465,1201,5.0,2
465,1189,5.0,3
465,1122,5.0,4
465,814,5.0,5
466,1599,5.0,1
466,1201,5.0,2
466,1189,5.0,3
466,1122,5.0,4
466,814,5.0,5
467,1599,5.0,1
467,1201,5.0,2
467,1189,5.0,3
467,1122,5.0,4
467,814,5.0,5
468,1599,5.0,1
468,1201,5.0,2
468,1189,5.0,3
468,1122,5.0,4
468,814,5.0,5
469,1599,5.0,1
469,1201,5.0,2
469,1189,5.0,3
469,1122,5.0,4
469,814,5.0,5
470,1599,5.0,1
470,1201,5.0,2
470,1189,5.0,3
470,1122,5.0,4
470,814,5.0,5
471,1599,5.0,1
471,1201,5.0,2
471,1189,5.0,3
471,1122,5.0,4
471,814,5.0,5
472,1599,5.0,1
472,1201,5.0,2
472,1189,5.0,3
472,1122,5.0,4
472,814,5.0,5
473,1599,5.0,1
473,1201,5.0,2
473,1189,5.0,3
473,1122,5.0,4
473,814,5.0,5
474,1599,5.0,1
474,1201,5.0,2
474,1189,5.0,3
474,1122,5.0,4
474,814,5.0,5
475,1599,5.0,1
475,1201,5.0,2
475,1189,5.0,3
475,1122,5.0,4
475,814,5.0,5
476,1599,5.0,1
476,1201,5.0,2
476,1189,5.0,3
476,1122,5.0,4
476,814,5.0,5
477,1599,5.0,1
477,1201,5.0,2
477,1189,5.0,3
477,1122,5.0,4
477,814,5.0,5
478,1599,5.0,1
478,1201,5.0,2
478,1189,5.0,3
478,1122,5.0,4
478,814,5.0,5
479,1599,5.0,1
479,1201,5.0,2
479,1189,5.0,3
479,1122,5.0,4
479,814,5.0,5
480,1599,5.0,1
480,1201,5.0,2
480,1189,5.0,3
480,1122,5.0,4
480,814,5.0,5
481,1599,5.0,1
481,1201,5.0,2
481,1189,5.0,3
481,1122,5.0,4
481,814,5.0,5
482,1599,5.0,1
482,1201,5.0,2
482,1189,5.0,3
482,1122,5.0,4
482,814,5.0,5
483,1599,5.0,1
483,1201,5.0,2
483,1189,5.0,3
483,1122,5.0,4
483,814,5.0,5
484,1599,5.0,1
484,1201,5.0,2
484,1189,5.0,3
484,1122,5.0,4
484,814,5.0,5
485,1599,5.0,1
485,1201,5.0,2
485,1189,5.0,3
485,1122,5.0,4
485,814,5.0,5
486,1599,5.0,1
486,1201,5.0,2
486,1189,5.0,3
486,1122,5.0,4
486,814,5.0,5
487,1599,5.0,1
487,1201,5.0,2
487,1189,5.0,3
487,1122,5.0,4
487,814,5.0,5
488,1599,5.0,1
488,1201,5.0,2
488,1189,5.0,3
488,1122,5.0,4
488,814,5.0,5
489,1599,5.0,1
489,1201,5.0,2
489,1189,5.0,3
489,1122,5.0,4
489,814,5.0,5
490,1599,5.0,1
490,1201,5.0,2
490,1189,5.0,3
490,1122,5.0,4
490,814,5.0,5
491,1599,5.0,1
491,1201,5.0,2
491,1189,5.0,3
491,1122,5.0,4
491,814,5.0,5
492,1599,5.0,1
492,1201,5.0,2
492,1189,5.0,3
492,1122,5.0,4
492,814,5.0,5
493,1599,5.0,1
493,1201,5.0,2
493,1189,5.0,3
493,1122,5.0,4
493,814,5.0,5
494,1599,5.0,1
494,1201,5.0,2
494,1189,5.0,3
494,1122,5.0,4
494,814,5.0,5
495,1599,5.0,1
495,1201,5.0,2
495,1189,5.0,3
495,1122,5.0,4
495,814,5.0,5
496,1599,5.0,1
496,1201,5.0,2
496,1189,5.0,3
496,1122,5.0,4
496,814,5.0,5
497,1599,5.0,1
497,1201,5.0,2
497,1189,5.0,3
497,1122,5.0,4
497,814,5.0,5
498,1599,5.0,1
498,1201,5.0,2
498,1189,5.0,3
498,1122,5.0,4
498,814,5.0,5
499,1599,5.0,1
499,1201,5.0,2
499,1189,5.0,3
499,1122,5.0,4
499,814,5.0,5
500,1599,5.0,1
500,1201,5.0,2
500,1189,5.0,3
500,1122,5.0,4
500,814,5.0,5
501,1599,5.0,1
501,1201,5.0,2
501,1189,5.0,3
501,1122,5.0,4
501,814,5.0,5
502,1599,5.0,1
502,1201,5.0,2
502,1189,5.0,3
502,1122,5.0,4
502,814,5.0,5
503,1599,5.0,1
503,1201,5.0,2
503,1189,5.0,3
503,1122,5.0,4
503,814,5.0,5
504,1599,5.0,1
504,1201,5.0,2
504,1189,5.0,3
504,1122,5.0,4
504,814,5.0,5
505,1599,5.0,1
505,1201,5.0,2
505,1189,5.0,3
505,1122,5.0,4
505,814,5.0,5
506,1599,5.0,1
506,1201,5.0,2
506,1189,5.0,3
506,1122,5.0,4
506,814,5.0,5
507,1599,5.0,1
507,1201,5.0,2
507,1189,5.0,3
507,1122,5.0,4
507,814,5.0,5
508,1599,5.0,1
508,1201,5.0,2
508,1189,5.0,3
508,1122,5.0,4
508,814,5.0,5
509,1599,5.0,1
509,1201,5.0,2
509,1189,5.0,3
509,1122,5.0,4
509,814,5.0,5
510,1599,5.0,1
510,1201,5.0,2
510,1189,5.0,3
510,1122,5.0,4
510,814,5.0,5
511,1599,5.0,1
511,1201,5.0,2
511,1189,5.0,3
511,1122,5.0,4
511,814,5.0,5
512,1599,5.0,1
512,1201,5.0,2
512,1189,5.0,3
512,1122,5.0,4
512,814,5.0,5
513,1599,5.0,1
513,1201,5.0,2
513,1189,5.0,3
513,1122,5.0,4
513,814,5.0,5
514,1599,5.0,1
514,1201,5.0,2
514,1189,5.0,3
514,1122,5.0,4
514,814,5.0,5
515,1599,5.0,1
515,1201,5.0,2
515,1189,5.0,3
515,1122,5.0,4
515,814,5.0,5
516,1599,5.0,1
516,1201,5.0,2
516,1189,5.0,3
516,1122,5.0,4
516,814,5.0,5
517,1599,5.0,1
517,1201,5.0,2
517,1189,5.0,3
517,1122,5.0,4
517,814,5.0,5
518,1599,5.0,1
518,1201,5.0,2
518,1189,5.0,3
518,1122,5.0,4
518,814,5.0,5
519,1599,5.0,1
519,1201,5.0,2
519,1189,5.0,3
519,1122,5.0,4
519,814,5.0,5
520,1599,5.0,1
520,1201,5.0,2
520,1189,5.0,3
520,1122,5.0,4
520,814,5.0,5
521,1599,5.0,1
521,1201,5.0,2
521,1189,5.0,3
521,1122,5.0,4
521,814,5.0,5
522,1599,5.0,1
522,1201,5.0,2
522,1189,5.0,3
522,1122,5.0,4
522,814,5.0,5
523,1599,5.0,1
523,1201,5.0,2
523,1189,5.0,3
523,1122,5.0,4
523,814,5.0,5
524,1599,5.0,1
524,1201,5.0,2
524,1189,5.0,3
524,1122,5.0,4
524,814,5.0,5
525,1599,5.0,1
525,1201,5.0,2
525,1189,5.0,3
525,1122,5.0,4
525,814,5.0,5
526,1599,5.0,1
526,1201,5.0,2
526,1189,5.0,3
526,1122,5.0,4
526,814,5.0,5
527,1599,5.0,1
527,1201,5.0,2
527,1189,5.0,3
527,1122,5.0,4
527,814,5.0,5
528,1599,5.0,1
528,1201,5.0,2
528,1189,5.0,3
528,1122,5.0,4
528,814,5.0,5
529,1599,5.0,1
529,1201,5.0,2
529,1189,5.0,3
529,1122,5.0,4
529,814,5.0,5
530,1599,5.0,1
530,1201,5.0,2
530,1189,5.0,3
530,1122,5.0,4
530,814,5.0,5
531,1599,5.0,1
531,1201,5.0,2
531,1189,5.0,3
531,1122,5.0,4
531,814,5.0,5
532,1467,5.0,1
532,1599,5.0,2
532,1201,5.0,3
532,1122,5.0,4
532,814,5.0,5
533,1599,5.0,1
533,1201,5.0,2
533,1189,5.0,3
533,1122,5.0,4
533,814,5.0,5
534,1599,5.0,1
534,1201,5.0,2
534,1189,5.0,3
534,1122,5.0,4
534,814,5.0,5
535,1599,5.0,1
535,1201,5.0,2
535,1189,5.0,3
535,1122,5.0,4
535,814,5.0,5
536,1599,5.0,1
536,1201,5.0,2
536,1189,5.0,3
536,1122,5.0,4
536,814,5.0,5
537,1599,5.0,1
537,1201,5.0,2
537,1189,5.0,3
537,1122,5.0,4
537,814,5.0,5
538,1599,5.0,1
538,1201,5.0,2
538,1189,5.0,3
538,1122,5.0,4
538,814,5.0,5
539,1599,5.0,1
539,1201,5.0,2
539,1189,5.0,3
539,1122,5.0,4
539,814,5.0,5
540,1599,5.0,1
540,1201,5.0,2
540,1189,5.0,3
540,1122,5.0,4
540,814,5.0,5
541,1599,5.0,1
541,1201,5.0,2
541,1189,5.0,3
541,1122,5.0,4
541,814,5.0,5
542,1599,5.0,1
542,1201,5.0,2
542,1189,5.0,3
542,1122,5.0,4
542,814,5.0,5
543,1599,5.0,1
543,1201,5.0,2
543,1189,5.0,3
543,1122,5.0,4
543,814,5.0,5
544,1599,5.0,1
544,1201,5.0,2
544,1189,5.0,3
544,1122,5.0,4
544,814,5.0,5
545,1599,5.0,1
545,1201,5.0,2
545,1189,5.0,3
545,1122,5.0,4
545,814,5.0,5
546,1599,5.0,1
546,1201,5.0,2
546,1189,5.0,3
546,1122,5.0,4
546,814,5.0,5
547,1599,5.0,1
547,1201,5.0,2
547,1189,5.0,3
547,1122,5.0,4
547,814,5.0,5
548,1599,5.0,1
548,1201,5.0,2
548,1189,5.0,3
548,1122,5.0,4
548,814,5.0,5
549,1599,5.0,1
549,1201,5.0,2
549,1189,5.0,3
549,1122,5.0,4
549,814,5.0,5
550,1599,5.0,1
550,1201,5.0,2
550,1189,5.0,3
550,1122,5.0,4
550,814,5.0,5
551,1599,5.0,1
551,1201,5.0,2
551,1189,5.0,3
551,1122,5.0,4
551,814,5.0,5
552,1599,5.0,1
552,1201,5.0,2
552,1189,5.0,3
552,1122,5.0,4
552,814,5.0,5
553,1599,5.0,1
553,1201,5.0,2
553,1189,5.0,3
553,1122,5.0,4
553,814,5.0,5
554,1599,5.0,1
554,1201,5.0,2
554,1189,5.0,3
554,1122,5.0,4
554,814,5.0,5
555,1599,5.0,1
555,1201,5.0,2
555,1189,5.0,3
555,1122,5.0,4
555,814,5.0,5
556,1599,5.0,1
556,1201,5.0,2
556,1189,5.0,3
556,1122,5.0,4
556,814,5.0,5
557,1599,5.0,1
557,1201,5.0,2
557,1189,5.0,3
557,1122,5.0,4
557,814,5.0,5
558,1599,5.0,1
558,1201,5.0,2
558,1189,5.0,3
558,1122,5.0,4
558,814,5.0,5
559,1599,5.0,1
559,1201,5.0,2
559,1189,5.0,3
559,1122,5.0,4
559,814,5.0,5
560,1599,5.0,1
560,1201,5.0,2
560,1189,5.0,3
560,1122,5.0,4
560,814,5.0,5
561,1599,5.0,1
561,1201,5.0,2
561,1189,5.0,3
561,1122,5.0,4
561,814,5.0,5
562,1599,5.0,1
562,1201,5.0,2
562,1189,5.0,3
562,1122,5.0,4
562,814,5.0,5
563,1599,5.0,1
563,1201,5.0,2
563,1189,5.0,3
563,1122,5.0,4
563,814,5.0,5
564,1599,5.0,1
564,1201,5.0,2
564,1189,5.0,3
564,1122,5.0,4
564,814,5.0,5
565,1599,5.0,1
565,1201,5.0,2
565,1189,5.0,3
565,1122,5.0,4
565,814,5.0,5
566,1599,5.0,1
566,1201,5.0,2
566,1189,5.0,3
566,1122,5.0,4
566,814,5.0,5
567,1599,5.0,1
567,1201,5.0,2
567,1189,5.0,3
567,1122,5.0,4
567,814,5.0,5
568,1599,5.0,1
568,1201,5.0,2
568,1189,5.0,3
568,1122,5.0,4
568,814,5.0,5
569,1599,5.0,1
569,1201,5.0,2
569,1189,5.0,3
569,1122,5.0,4
569,814,5.0,5
570,1599,5.0,1
570,1201,5.0,2
570,1189,5.0,3
570,1122,5.0,4
570,814,5.0,5
571,1599,5.0,1
571,1201,5.0,2
571,1189,5.0,3
571,1122,5.0,4
571,814,5.0,5
572,1599,5.0,1
572,1201,5.0,2
572,1189,5.0,3
572,1122,5.0,4
572,814,5.0,5
573,1599,5.0,1
573,1201,5.0,2
573,1189,5.0,3
573,1122,5.0,4
573,814,5.0,5
574,1599,5.0,1
574,1201,5.0,2
574,1189,5.0,3
574,1122,5.0,4
574,814,5.0,5
575,1599,5.0,1
575,1201,5.0,2
575,1189,5.0,3
575,1122,5.0,4
575,814,5.0,5
576,1599,5.0,1
576,1201,5.0,2
576,1189,5.0,3
576,1122,5.0,4
576,814,5.0,5
577,1599,5.0,1
577,1201,5.0,2
577,1189,5.0,3
577,1122,5.0,4
577,814,5.0,5
578,1599,5.0,1
578,1201,5.0,2
578,1189,5.0,3
578,1122,5.0,4
578,814,5.0,5
579,1599,5.0,1
579,1201,5.0,2
579,1189,5.0,3
579,1122,5.0,4
579,814,5.0,5
580,1599,5.0,1
580,1201,5.0,2
580,1189,5.0,3
580,1122,5.0,4
580,814,5.0,5
581,1599,5.0,1
581,1201,5.0,2
581,1189,5.0,3
581,1122,5.0,4
581,814,5.0,5
582,1599,5.0,1
582,1201,5.0,2
582,1189,5.0,3
582,1122,5.0,4
582,814,5.0,5
583,1599,5.0,1
583,1201,5.0,2
583,1189,5.0,3
583,1122,5.0,4
583,814,5.0,5
584,1599,5.0,1
584,1201,5.0,2
584,1189,5.0,3
584,1122,5.0,4
584,814,5.0,5
585,1599,5.0,1
585,1201,5.0,2
585,1189,5.0,3
585,1122,5.0,4
585,814,5.0,5
586,1599,5.0,1
586,1201,5.0,2
586,1189,5.0,3
586,1122,5.0,4
586,814,5.0,5
587,1599,5.0,1
587,1201,5.0,2
587,1189,5.0,3
587,1122,5.0,4
587,814,5.0,5
588,1599,5.0,1
588,1201,5.0,2
588,1189,5.0,3
588,1122,5.0,4
588,814,5.0,5
589,1599,5.0,1
589,1201,5.0,2
589,1189,5.0,3
589,1122,5.0,4
589,814,5.0,5
590,1599,5.0,1
590,1201,5.0,2
590,1189,5.0,3
590,1122,5.0,4
590,814,5.0,5
591,1599,5.0,1
591,1201,5.0,2
591,1189,5.0,3
591,1122,5.0,4
591,814,5.0,5
592,1599,5.0,1
592,1201,5.0,2
592,1189,5.0,3
592,1122,5.0,4
592,814,5.0,5
593,1599,5.0,1
593,1201,5.0,2
593,1189,5.0,3
593,1122,5.0,4
593,814,5.0,5
594,1599,5.0,1
594,1201,5.0,2
594,1189,5.0,3
594,1122,5.0,4
594,814,5.0,5
595,1599,5.0,1
595,1201,5.0,2
595,1189,5.0,3
595,1122,5.0,4
595,814,5.0,5
596,1599,5.0,1
596,1201,5.0,2
596,1189,5.0,3
596,1122,5.0,4
596,814,5.0,5
597,1599,5.0,1
597,1201,5.0,2
597,1189,5.0,3
597,1122,5.0,4
597,814,5.0,5
598,1599,5.0,1
598,1201,5.0,2
598,1189,5.0,3
598,1122,5.0,4
598,814,5.0,5
599,1599,5.0,1
599,1201,5.0,2
599,1189,5.0,3
599,1122,5.0,4
599,814,5.0,5
600,1599,5.0,1
600,1201,5.0,2
600,1189,5.0,3
600,1122,5.0,4
600,814,5.0,5
601,1599,5.0,1
601,1201,5.0,2
601,1189,5.0,3
601,1122,5.0,4
601,814,5.0,5
602,1599,5.0,1
602,1201,5.0,2
602,1189,5.0,3
602,1122,5.0,4
602,814,5.0,5
603,1599,5.0,1
603,1201,5.0,2
603,1189,5.0,3
603,1122,5.0,4
603,814,5.0,5
604,1599,5.0,1
604,1201,5.0,2
604,1189,5.0,3
604,1122,5.0,4
604,814,5.0,5
605,1599,5.0,1
605,1201,5.0,2
605,1189,5.0,3
605,1122,5.0,4
605,814,5.0,5
606,1599,5.0,1
606,1201,5.0,2
606,1189,5.0,3
606,1122,5.0,4
606,814,5.0,5
607,1599,5.0,1
607,1201,5.0,2
607,1189,5.0,3
607,1122,5.0,4
607,814,5.0,5
608,1599,5.0,1
608,1201,5.0,2
608,1189,5.0,3
608,1122,5.0,4
608,814,5.0,5
609,1599,5.0,1
609,1201,5.0,2
609,1189,5.0,3
609,1122,5.0,4
609,814,5.0,5
610,1599,5.0,1
610,1201,5.0,2
610,1189,5.0,3
610,1122,5.0,4
610,814,5.0,5
611,1599,5.0,1
611,1201,5.0,2
611,1189,5.0,3
611,1122,5.0,4
611,814,5.0,5
612,1599,5.0,1
612,1201,5.0,2
612,1189,5.0,3
612,1122,5.0,4
612,814,5.0,5
613,1599,5.0,1
613,1201,5.0,2
613,1189,5.0,3
613,1122,5.0,4
613,814,5.0,5
614,1599,5.0,1
614,1201,5.0,2
614,1189,5.0,3
614,1122,5.0,4
614,814,5.0,5
615,1599,5.0,1
615,1201,5.0,2
615,1189,5.0,3
615,1122,5.0,4
615,814,5.0,5
616,1599,5.0,1
616,1201,5.0,2
616,1189,5.0,3
616,1122,5.0,4
616,814,5.0,5
617,1599,5.0,1
617,1201,5.0,2
617,1189,5.0,3
617,1122,5.0,4
617,814,5.0,5
618,1599,5.0,1
618,1201,5.0,2
618,1189,5.0,3
618,1122,5.0,4
618,814,5.0,5
619,1599,5.0,1
619,1201,5.0,2
619,1189,5.0,3
619,1122,5.0,4
619,814,5.0,5
620,1599,5.0,1
620,1201,5.0,2
620,1189,5.0,3
620,1122,5.0,4
620,814,5.0,5
621,1599,5.0,1
621,1201,5.0,2
621,1189,5.0,3
621,1122,5.0,4
621,814,5.0,5
622,1599,5.0,1
622,1201,5.0,2
622,1189,5.0,3
622,1122,5.0,4
622,814,5.0,5
623,1599,5.0,1
623,1201,5.0,2
623,1189,5.0,3
623,1122,5.0,4
623,814,5.0,5
624,1599,5.0,1
624,1201,5.0,2
624,1189,5.0,3
624,1122,5.0,4
624,814,5.0,5
625,1599,5.0,1
625,1201,5.0,2
625,1189,5.0,3
625,1122,5.0,4
625,814,5.0,5
626,1599,5.0,1
626,1201,5.0,2
626,1189,5.0,3
626,1122,5.0,4
626,814,5.0,5
627,1599,5.0,1
627,1201,5.0,2
627,1189,5.0,3
627,1122,5.0,4
627,814,5.0,5
628,1599,5.0,1
628,1201,5.0,2
628,1189,5.0,3
628,1122,5.0,4
628,814,5.0,5
629,1599,5.0,1
629,1201,5.0,2
629,1189,5.0,3
629,1122,5.0,4
629,814,5.0,5
630,1599,5.0,1
630,1201,5.0,2
630,1189,5.0,3
630,1122,5.0,4
630,814,5.0,5
631,1599,5.0,1
631,1201,5.0,2
631,1189,5.0,3
631,1122,5.0,4
631,814,5.0,5
632,1599,5.0,1
632,1201,5.0,2
632,1189,5.0,3
632,1122,5.0,4
632,814,5.0,5
633,1599,5.0,1
633,1201,5.0,2
633,1189,5.0,3
633,1122,5.0,4
633,814,5.0,5
634,1599,5.0,1
634,1201,5.0,2
634,1189,5.0,3
634,1122,5.0,4
634,814,5.0,5
635,1599,5.0,1
635,1201,5.0,2
635,1189,5.0,3
635,1122,5.0,4
635,814,5.0,5
636,1599,5.0,1
636,1201,5.0,2
636,1189,5.0,3
636,1122,5.0,4
636,814,5.0,5
637,1599,5.0,1
637,1201,5.0,2
637,1189,5.0,3
637,1122,5.0,4
637,814,5.0,5
638,1599,5.0,1
638,1201,5.0,2
638,1189,5.0,3
638,1122,5.0,4
638,814,5.0,5
639,1599,5.0,1
639,1201,5.0,2
639,1189,5.0,3
639,1122,5.0,4
639,814,5.0,5
640,1599,5.0,1
640,1201,5.0,2
640,1189,5.0,3
640,1122,5.0,4
640,814,5.0,5
641,1599,5.0,1
641,1201,5.0,2
641,1189,5.0,3
641,1122,5.0,4
641,814,5.0,5
642,1599,5.0,1
642,1201,5.0,2
642,1189,5.0,3
642,1122,5.0,4
642,814,5.0,5
643,1599,5.0,1
643,1201,5.0,2
643,1189,5.0,3
643,1122,5.0,4
643,814,5.0,5
644,1599,5.0,1
644,1201,5.0,2
644,1189,5.0,3
644,1122,5.0,4
644,814,5.0,5
645,1599,5.0,1
645,1201,5.0,2
645,1189,5.0,3
645,1122,5.0,4
645,814,5.0,5
646,1599,5.0,1
646,1201,5.0,2
646,1189,5.0,3
646,1122,5.0,4
646,814,5.0,5
647,1599,5.0,1
647,1201,5.0,2
647,1189,5.0,3
647,1122,5.0,4
647,814,5.0,5
648,1599,5.0,1
648,1201,5.0,2
648,1189,5.0,3
648,1122,5.0,4
648,814,5.0,5
649,1599,5.0,1
649,1201,5.0,2
649,1189,5.0,3
649,1122,5.0,4
649,814,5.0,5
650,1599,5.0,1
650,1201,5.0,2
650,1189,5.0,3
650,1122,5.0,4
650,814,5.0,5
651,1599,5.0,1
651,1201,5.0,2
651,1189,5.0,3
651,1122,5.0,4
651,814,5.0,5
652,1599,5.0,1
652,1201,5.0,2
652,1189,5.0,3
652,1122,5.0,4
652,814,5.0,5
653,1599,5.0,1
653,1201,5.0,2
653,1189,5.0,3
653,1122,5.0,4
653,814,5.0,5
654,1599,5.0,1
654,1201,5.0,2
654,1189,5.0,3
654,1122,5.0,4
654,814,5.0,5
655,1599,5.0,1
655,1201,5.0,2
655,1189,5.0,3
655,1122,5.0,4
655,814,5.0,5
656,1599,5.0,1
656,1201,5.0,2
656,1189,5.0,3
656,1122,5.0,4
656,814,5.0,5
657,1599,5.0,1
657,1201,5.0,2
657,1189,5.0,3
657,1122,5.0,4
657,814,5.0,5
658,1599,5.0,1
658,1201,5.0,2
658,1189,5.0,3
658,1122,5.0,4
658,814,5.0,5
659,1599,5.0,1
659,1201,5.0,2
659,1189,5.0,3
659,1122,5.0,4
659,814,5.0,5
660,1599,5.0,1
660,1201,5.0,2
660,1189,5.0,3
660,1122,5.0,4
660,814,5.0,5
661,1599,5.0,1
661,1201,5.0,2
661,1189,5.0,3
661,1122,5.0,4
661,814,5.0,5
662,1599,5.0,1
662,1201,5.0,2
662,1189,5.0,3
662,1122,5.0,4
662,814,5.0,5
663,1599,5.0,1
663,1201,5.0,2
663,1189,5.0,3
663,1122,5.0,4
663,814,5.0,5
664,1599,5.0,1
664,1201,5.0,2
664,1189,5.0,3
664,1122,5.0,4
664,814,5.0,5
665,1599,5.0,1
665,1201,5.0,2
665,1189,5.0,3
665,1122,5.0,4
665,814,5.0,5
666,1599,5.0,1
666,1201,5.0,2
666,1189,5.0,3
666,1122,5.0,4
666,814,5.0,5
667,1599,5.0,1
667,1201,5.0,2
667,1189,5.0,3
667,1122,5.0,4
667,814,5.0,5
668,1599,5.0,1
668,1201,5.0,2
668,1189,5.0,3
668,1122,5.0,4
668,814,5.0,5
669,1599,5.0,1
669,1201,5.0,2
669,1189,5.0,3
669,1122,5.0,4
669,814,5.0,5
670,1599,5.0,1
670,1201,5.0,2
670,1189,5.0,3
670,1122,5.0,4
670,814,5.0,5
671,1599,5.0,1
671,1201,5.0,2
671,1189,5.0,3
671,1122,5.0,4
671,814,5.0,5
672,1599,5.0,1
672,1201,5.0,2
672,1189,5.0,3
672,1122,5.0,4
672,814,5.0,5
673,1599,5.0,1
673,1201,5.0,2
673,1189,5.0,3
673,1122,5.0,4
673,814,5.0,5
674,1599,5.0,1
674,1201,5.0,2
674,1189,5.0,3
674,1122,5.0,4
674,814,5.0,5
675,1599,5.0,1
675,1201,5.0,2
675,1189,5.0,3
675,1122,5.0,4
675,814,5.0,5
676,1599,5.0,1
676,1201,5.0,2
676,1189,5.0,3
676,1122,5.0,4
676,814,5.0,5
677,1599,5.0,1
677,1201,5.0,2
677,1189,5.0,3
677,1122,5.0,4
677,814,5.0,5
678,1599,5.0,1
678,1201,5.0,2
678,1189,5.0,3
678,1122,5.0,4
678,814,5.0,5
679,1599,5.0,1
679,1201,5.0,2
679,1189,5.0,3
679,1122,5.0,4
679,814,5.0,5
680,1599,5.0,1
680,1201,5.0,2
680,1189,5.0,3
680,1122,5.0,4
680,814,5.0,5
681,1599,5.0,1
681,1201,5.0,2
681,1189,5.0,3
681,1122,5.0,4
681,814,5.0,5
682,1599,5.0,1
682,1201,5.0,2
682,1189,5.0,3
682,1122,5.0,4
682,814,5.0,5
683,1599,5.0,1
683,1201,5.0,2
683,1189,5.0,3
683,1122,5.0,4
683,814,5.0,5
684,1599,5.0,1
684,1201,5.0,2
684,1189,5.0,3
684,1122,5.0,4
684,814,5.0,5
685,1599,5.0,1
685,1201,5.0,2
685,1189,5.0,3
685,1122,5.0,4
685,814,5.0,5
686,1599,5.0,1
686,1201,5.0,2
686,1189,5.0,3
686,1122,5.0,4
686,814,5.0,5
687,1599,5.0,1
687,1201,5.0,2
687,1189,5.0,3
687,1122,5.0,4
687,814,5.0,5
688,1599,5.0,1
688,1201,5.0,2
688,1189,5.0,3
688,1122,5.0,4
688,814,5.0,5
689,1599,5.0,1
689,1201,5.0,2
689,1189,5.0,3
689,1122,5.0,4
689,814,5.0,5
690,1599,5.0,1
690,1201,5.0,2
690,1189,5.0,3
690,1122,5.0,4
690,814,5.0,5
691,1599,5.0,1
691,1201,5.0,2
691,1189,5.0,3
691,1122,5.0,4
691,814,5.0,5
692,1599,5.0,1
692,1201,5.0,2
692,1189,5.0,3
692,1122,5.0,4
692,814,5.0,5
693,1599,5.0,1
693,1201,5.0,2
693,1189,5.0,3
693,1122,5.0,4
693,814,5.0,5
694,1599,5.0,1
694,1201,5.0,2
694,1189,5.0,3
694,1122,5.0,4
694,814,5.0,5
695,1599,5.0,1
695,1201,5.0,2
695,1189,5.0,3
695,1122,5.0,4
695,814,5.0,5
696,1599,5.0,1
696,1201,5.0,2
696,1189,5.0,3
696,1122,5.0,4
696,814,5.0,5
697,1599,5.0,1
697,1201,5.0,2
697,1189,5.0,3
697,1122,5.0,4
697,814,5.0,5
698,1599,5.0,1
698,1201,5.0,2
698,1189,5.0,3
698,1122,5.0,4
698,814,5.0,5
699,1599,5.0,1
699,1201,5.0,2
699,1189,5.0,3
699,1122,5.0,4
699,814,5.0,5
700,1599,5.0,1
700,1201,5.0,2
700,1189,5.0,3
700,1122,5.0,4
700,814,5.0,5
701,1599,5.0,1
701,1201,5.0,2
701,1189,5.0,3
701,1122,5.0,4
701,814,5.0,5
702,1599,5.0,1
702,1201,5.0,2
702,1189,5.0,3
702,1122,5.0,4
702,814,5.0,5
703,1599,5.0,1
703,1201,5.0,2
703,1189,5.0,3
703,1122,5.0,4
703,814,5.0,5
704,1599,5.0,1
704,1201,5.0,2
704,1189,5.0,3
704,1122,5.0,4
704,814,5.0,5
705,1599,5.0,1
705,1201,5.0,2
705,1189,5.0,3
705,1122,5.0,4
705,814,5.0,5
706,1599,5.0,1
706,1201,5.0,2
706,1189,5.0,3
706,1122,5.0,4
706,814,5.0,5
707,1599,5.0,1
707,1201,5.0,2
707,1189,5.0,3
707,1122,5.0,4
707,814,5.0,5
708,1599,5.0,1
708,1201,5.0,2
708,1189,5.0,3
708,1122,5.0,4
708,814,5.0,5
709,1599,5.0,1
709,1201,5.0,2
709,1189,5.0,3
709,1122,5.0,4
709,814,5.0,5
710,1599,5.0,1
710,1201,5.0,2
710,1189,5.0,3
710,1122,5.0,4
710,814,5.0,5
711,1599,5.0,1
711,1201,5.0,2
711,1189,5.0,3
711,1122,5.0,4
711,814,5.0,5
712,1599,5.0,1
712,1201,5.0,2
712,1189,5.0,3
712,1122,5.0,4
712,814,5.0,5
713,1599,5.0,1
713,1201,5.0,2
713,1189,5.0,3
713,1122,5.0,4
713,814,5.0,5
714,1599,5.0,1
714,1201,5.0,2
714,1189,5.0,3
714,1122,5.0,4
714,814,5.0,5
715,1599,5.0,1
715,1201,5.0,2
715,1189,5.0,3
715,1122,5.0,4
715,814,5.0,5
716,1599,5.0,1
716,1201,5.0,2
716,1189,5.0,3
716,1122,5.0,4
716,814,5.0,5
717,1599,5.0,1
717,1201,5.0,2
717,1189,5.0,3
717,1122,5.0,4
717,814,5.0,5
718,1599,5.0,1
718,1201,5.0,2
718,1189,5.0,3
718,1122,5.0,4
718,814,5.0,5
719,1599,5.0,1
719,1201,5.0,2
719,1189,5.0,3
719,1122,5.0,4
719,814,5.0,5
720,1599,5.0,1
720,1201,5.0,2
720,1189,5.0,3
720,1122,5.0,4
720,814,5.0,5
721,1599,5.0,1
721,1201,5.0,2
721,1189,5.0,3
721,1122,5.0,4
721,814,5.0,5
722,1599,5.0,1
722,1201,5.0,2
722,1189,5.0,3
722,1122,5.0,4
722,814,5.0,5
723,1599,5.0,1
723,1201,5.0,2
723,1189,5.0,3
723,1122,5.0,4
723,814,5.0,5
724,1599,5.0,1
724,1201,5.0,2
724,1189,5.0,3
724,1122,5.0,4
724,814,5.0,5
725,1599,5.0,1
725,1201,5.0,2
725,1189,5.0,3
725,1122,5.0,4
725,814,5.0,5
726,1599,5.0,1
726,1201,5.0,2
726,1189,5.0,3
726,1122,5.0,4
726,814,5.0,5
727,1599,5.0,1
727,1201,5.0,2
727,1189,5.0,3
727,1122,5.0,4
727,814,5.0,5
728,1599,5.0,1
728,1201,5.0,2
728,1189,5.0,3
728,1122,5.0,4
728,814,5.0,5
729,1599,5.0,1
729,1201,5.0,2
729,1189,5.0,3
729,1122,5.0,4
729,814,5.0,5
730,1599,5.0,1
730,1201,5.0,2
730,1189,5.0,3
730,1122,5.0,4
730,814,5.0,5
731,1599,5.0,1
731,1201,5.0,2
731,1189,5.0,3
731,1122,5.0,4
731,814,5.0,5
732,1599,5.0,1
732,1201,5.0,2
732,1189,5.0,3
732,1122,5.0,4
732,814,5.0,5
733,1599,5.0,1
733,1201,5.0,2
733,1189,5.0,3
733,1122,5.0,4
733,814,5.0,5
734,1599,5.0,1
734,1201,5.0,2
734,1189,5.0,3
734,1122,5.0,4
734,814,5.0,5
735,1599,5.0,1
735,1201,5.0,2
735,1189,5.0,3
735,1122,5.0,4
735,814,5.0,5
736,1599,5.0,1
736,1201,5.0,2
736,1189,5.0,3
736,1122,5.0,4
736,814,5.0,5
737,1599,5.0,1
737,1201,5.0,2
737,1189,5.0,3
737,1122,5.0,4
737,814,5.0,5
738,1599,5.0,1
738,1201,5.0,2
738,1189,5.0,3
738,1122,5.0,4
738,814,5.0,5
739,1599,5.0,1
739,1201,5.0,2
739,1189,5.0,3
739,1122,5.0,4
739,814,5.0,5
740,1599,5.0,1
740,1201,5.0,2
740,1189,5.0,3
740,1122,5.0,4
740,814,5.0,5
741,1599,5.0,1
741,1201,5.0,2
741,1189,5.0,3
741,1122,5.0,4
741,814,5.0,5
742,1599,5.0,1
742,1201,5.0,2
742,1189,5.0,3
742,1122,5.0,4
742,814,5.0,5
743,1599,5.0,1
743,1201,5.0,2
743,1189,5.0,3
743,1122,5.0,4
743,814,5.0,5
744,1599,5.0,1
744,1201,5.0,2
744,1189,5.0,3
744,1122,5.0,4
744,814,5.0,5
745,1599,5.0,1
745,1201,5.0,2
745,1189,5.0,3
745,1122,5.0,4
745,814,5.0,5
746,1599,5.0,1
746,1201,5.0,2
746,1189,5.0,3
746,1122,5.0,4
746,814,5.0,5
747,1599,5.0,1
747,1201,5.0,2
747,1189,5.0,3
747,1122,5.0,4
747,814,5.0,5
748,1599,5.0,1
748,1201,5.0,2
748,1189,5.0,3
748,1122,5.0,4
748,814,5.0,5
749,1599,5.0,1
749,1201,5.0,2
749,1189,5.0,3
749,1122,5.0,4
749,814,5.0,5
750,1599,5.0,1
750,1201,5.0,2
750,1189,5.0,3
750,1122,5.0,4
750,814,5.0,5
751,1599,5.0,1
751,1201,5.0,2
751,1189,5.0,3
751,1122,5.0,4
751,814,5.0,5
752,1599,5.0,1
752,1201,5.0,2
752,1189,5.0,3
752,1122,5.0,4
752,814,5.0,5
753,1599,5.0,1
753,1201,5.0,2
753,1189,5.0,3
753,1122,5.0,4
753,814,5.0,5
754,1599,5.0,1
754,1201,5.0,2
754,1189,5.0,3
754,1122,5.0,4
754,814,5.0,5
755,1599,5.0,1
755,1201,5.0,2
755,1189,5.0,3
755,1122,5.0,4
755,814,5.0,5
756,1599,5.0,1
756,1201,5.0,2
756,1189,5.0,3
756,1122,5.0,4
756,814,5.0,5
757,1599,5.0,1
757,1201,5.0,2
757,1189,5.0,3
757,1122,5.0,4
757,814,5.0,5
758,1599,5.0,1
758,1201,5.0,2
758,1189,5.0,3
758,1122,5.0,4
758,814,5.0,5
759,1599,5.0,1
759,1201,5.0,2
759,1189,5.0,3
759,1122,5.0,4
759,814,5.0,5
760,1599,5.0,1
760,1201,5.0,2
760,1189,5.0,3
760,1122,5.0,4
760,814,5.0,5
761,1599,5.0,1
761,1201,5.0,2
761,1189,5.0,3
761,1122,5.0,4
761,814,5.0,5
762,1599,5.0,1
762,1201,5.0,2
762,1189,5.0,3
762,1122,5.0,4
762,814,5.0,5
763,1599,5.0,1
763,1201,5.0,2
763,1189,5.0,3
763,1122,5.0,4
763,814,5.0,5
764,1599,5.0,1
764,1201,5.0,2
764,1189,5.0,3
764,1122,5.0,4
764,814,5.0,5
765,1599,5.0,1
765,1201,5.0,2
765,1189,5.0,3
765,1122,5.0,4
765,814,5.0,5
766,1599,5.0,1
766,1201,5.0,2
766,1189,5.0,3
766,1122,5.0,4
766,814,5.0,5
767,1599,5.0,1
767,1201,5.0,2
767,1189,5.0,3
767,1122,5.0,4
767,814,5.0,5
768,1599,5.0,1
768,1201,5.0,2
768,1189,5.0,3
768,1122,5.0,4
768,814,5.0,5
769,1599,5.0,1
769,1201,5.0,2
769,1189,5.0,3
769,1122,5.0,4
769,814,5.0,5
770,1599,5.0,1
770,1201,5.0,2
770,1189,5.0,3
770,1122,5.0,4
770,814,5.0,5
771,1599,5.0,1
771,1201,5.0,2
771,1189,5.0,3
771,1122,5.0,4
771,814,5.0,5
772,1599,5.0,1
772,1201,5.0,2
772,1189,5.0,3
772,1122,5.0,4
772,814,5.0,5
773,1599,5.0,1
773,1201,5.0,2
773,1189,5.0,3
773,1122,5.0,4
773,814,5.0,5
774,1599,5.0,1
774,1201,5.0,2
774,1189,5.0,3
774,1122,5.0,4
774,814,5.0,5
775,1599,5.0,1
775,1201,5.0,2
775,1189,5.0,3
775,1122,5.0,4
775,814,5.0,5
776,1599,5.0,1
776,1201,5.0,2
776,1189,5.0,3
776,1122,5.0,4
776,814,5.0,5
777,1599,5.0,1
777,1201,5.0,2
777,1189,5.0,3
777,1122,5.0,4
777,814,5.0,5
778,1599,5.0,1
778,1201,5.0,2
778,1189,5.0,3
778,1122,5.0,4
778,814,5.0,5
779,1599,5.0,1
779,1201,5.0,2
779,1189,5.0,3
779,1122,5.0,4
779,814,5.0,5
780,1599,5.0,1
780,1201,5.0,2
780,1189,5.0,3
780,1122,5.0,4
780,814,5.0,5
781,1599,5.0,1
781,1201,5.0,2
781,1189,5.0,3
781,1122,5.0,4
781,814,5.0,5
782,1599,5.0,1
782,1201,5.0,2
782,1189,5.0,3
782,1122,5.0,4
782,814,5.0,5
783,1599,5.0,1
783,1201,5.0,2
783,1189,5.0,3
783,1122,5.0,4
783,814,5.0,5
784,1599,5.0,1
784,1201,5.0,2
784,1189,5.0,3
784,1122,5.0,4
784,814,5.0,5
785,1599,5.0,1
785,1201,5.0,2
785,1189,5.0,3
785,1122,5.0,4
785,814,5.0,5
786,1599,5.0,1
786,1201,5.0,2
786,1189,5.0,3
786,1122,5.0,4
786,814,5.0,5
787,1599,5.0,1
787,1201,5.0,2
787,1189,5.0,3
787,1122,5.0,4
787,814,5.0,5
788,1599,5.0,1
788,1201,5.0,2
788,1189,5.0,3
788,1122,5.0,4
788,814,5.0,5
789,1599,5.0,1
789,1201,5.0,2
789,1189,5.0,3
789,1122,5.0,4
789,814,5.0,5
790,1599,5.0,1
790,1201,5.0,2
790,1189,5.0,3
790,1122,5.0,4
790,814,5.0,5
791,1599,5.0,1
791,1201,5.0,2
791,1189,5.0,3
791,1122,5.0,4
791,814,5.0,5
792,1599,5.0,1
792,1201,5.0,2
792,1189,5.0,3
792,1122,5.0,4
792,814,5.0,5
793,1599,5.0,1
793,1201,5.0,2
793,1189,5.0,3
793,1122,5.0,4
793,814,5.0,5
794,1599,5.0,1
794,1201,5.0,2
794,1189,5.0,3
794,1122,5.0,4
794,814,5.0,5
795,1599,5.0,1
795,1201,5.0,2
795,1189,5.0,3
795,1122,5.0,4
795,814,5.0,5
796,1599,5.0,1
796,1201,5.0,2
796,1189,5.0,3
796,1122,5.0,4
796,814,5.0,5
797,1599,5.0,1
797,1201,5.0,2
797,1189,5.0,3
797,1122,5.0,4
797,814,5.0,5
798,1599,5.0,1
798,1201,5.0,2
798,1189,5.0,3
798,1122,5.0,4
798,814,5.0,5
799,1599,5.0,1
799,1201,5.0,2
799,1189,5.0,3
799,1122,5.0,4
799,814,5.0,5
800,1599,5.0,1
800,1201,5.0,2
800,1189,5.0,3
800,1122,5.0,4
800,814,5.0,5
801,1599,5.0,1
801,1201,5.0,2
801,1189,5.0,3
801,1122,5.0,4
801,814,5.0,5
802,1599,5.0,1
802,1201,5.0,2
802,1189,5.0,3
802,1122,5.0,4
802,814,5.0,5
803,1599,5.0,1
803,1201,5.0,2
803,1189,5.0,3
803,1122,5.0,4
803,814,5.0,5
804,1599,5.0,1
804,1201,5.0,2
804,1189,5.0,3
804,1122,5.0,4
804,814,5.0,5
805,1599,5.0,1
805,1201,5.0,2
805,1189,5.0,3
805,1122,5.0,4
805,814,5.0,5
806,1599,5.0,1
806,1201,5.0,2
806,1189,5.0,3
806,1122,5.0,4
806,814,5.0,5
807,1599,5.0,1
807,1201,5.0,2
807,1189,5.0,3
807,1122,5.0,4
807,814,5.0,5
808,1599,5.0,1
808,1201,5.0,2
808,1189,5.0,3
808,1122,5.0,4
808,814,5.0,5
809,1599,5.0,1
809,1201,5.0,2
809,1189,5.0,3
809,1122,5.0,4
809,814,5.0,5
810,1599,5.0,1
810,1201,5.0,2
810,1189,5.0,3
810,1122,5.0,4
810,814,5.0,5
811,1599,5.0,1
811,1201,5.0,2
811,1189,5.0,3
811,1122,5.0,4
811,814,5.0,5
812,1599,5.0,1
812,1201,5.0,2
812,1189,5.0,3
812,1122,5.0,4
812,814,5.0,5
813,1599,5.0,1
813,1201,5.0,2
813,1189,5.0,3
813,1122,5.0,4
813,814,5.0,5
814,1599,5.0,1
814,1201,5.0,2
814,1189,5.0,3
814,1122,5.0,4
814,814,5.0,5
815,1599,5.0,1
815,1201,5.0,2
815,1189,5.0,3
815,1122,5.0,4
815,814,5.0,5
816,1599,5.0,1
816,1201,5.0,2
816,1189,5.0,3
816,1122,5.0,4
816,814,5.0,5
817,1599,5.0,1
817,1201,5.0,2
817,1189,5.0,3
817,1122,5.0,4
817,814,5.0,5
818,1599,5.0,1
818,1201,5.0,2
818,1189,5.0,3
818,1122,5.0,4
818,814,5.0,5
819,1599,5.0,1
819,1201,5.0,2
819,1189,5.0,3
819,1122,5.0,4
819,814,5.0,5
820,1599,5.0,1
820,1201,5.0,2
820,1189,5.0,3
820,1122,5.0,4
820,814,5.0,5
821,1599,5.0,1
821,1201,5.0,2
821,1189,5.0,3
821,1122,5.0,4
821,814,5.0,5
822,1599,5.0,1
822,1201,5.0,2
822,1189,5.0,3
822,1122,5.0,4
822,814,5.0,5
823,1599,5.0,1
823,1201,5.0,2
823,1189,5.0,3
823,1122,5.0,4
823,814,5.0,5
824,1599,5.0,1
824,1201,5.0,2
824,1189,5.0,3
824,1122,5.0,4
824,814,5.0,5
825,1599,5.0,1
825,1201,5.0,2
825,1189,5.0,3
825,1122,5.0,4
825,814,5.0,5
826,1599,5.0,1
826,1201,5.0,2
826,1189,5.0,3
826,1122,5.0,4
826,814,5.0,5
827,1599,5.0,1
827,1201,5.0,2
827,1189,5.0,3
827,1122,5.0,4
827,814,5.0,5
828,1599,5.0,1
828,1201,5.0,2
828,1189,5.0,3
828,1122,5.0,4
828,814,5.0,5
829,1599,5.0,1
829,1201,5.0,2
829,1189,5.0,3
829,1122,5.0,4
829,814,5.0,5
830,1599,5.0,1
830,1201,5.0,2
830,1189,5.0,3
830,1122,5.0,4
830,814,5.0,5
831,1599,5.0,1
831,1201,5.0,2
831,1189,5.0,3
831,1122,5.0,4
831,814,5.0,5
832,1599,5.0,1
832,1201,5.0,2
832,1189,5.0,3
832,1122,5.0,4
832,814,5.0,5
833,1599,5.0,1
833,1201,5.0,2
833,1189,5.0,3
833,1122,5.0,4
833,814,5.0,5
834,1599,5.0,1
834,1201,5.0,2
834,1189,5.0,3
834,1122,5.0,4
834,814,5.0,5
835,1599,5.0,1
835,1201,5.0,2
835,1189,5.0,3
835,1122,5.0,4
835,814,5.0,5
836,1599,5.0,1
836,1201,5.0,2
836,1189,5.0,3
836,1122,5.0,4
836,814,5.0,5
837,1599,5.0,1
837,1201,5.0,2
837,1189,5.0,3
837,1122,5.0,4
837,814,5.0,5
838,1599,5.0,1
838,1201,5.0,2
838,1189,5.0,3
838,1122,5.0,4
838,814,5.0,5
839,1599,5.0,1
839,1201,5.0,2
839,1189,5.0,3
839,1122,5.0,4
839,814,5.0,5
840,1599,5.0,1
840,1201,5.0,2
840,1189,5.0,3
840,1122,5.0,4
840,814,5.0,5
841,1599,5.0,1
841,1201,5.0,2
841,1189,5.0,3
841,1122,5.0,4
841,814,5.0,5
842,1599,5.0,1
842,1201,5.0,2
842,1189,5.0,3
842,1122,5.0,4
842,814,5.0,5
843,1599,5.0,1
843,1201,5.0,2
843,1189,5.0,3
843,1122,5.0,4
843,814,5.0,5
844,1599,5.0,1
844,1201,5.0,2
844,1189,5.0,3
844,1122,5.0,4
844,814,5.0,5
845,1599,5.0,1
845,1201,5.0,2
845,1189,5.0,3
845,1122,5.0,4
845,814,5.0,5
846,1599,5.0,1
846,1201,5.0,2
846,1189,5.0,3
846,1122,5.0,4
846,814,5.0,5
847,1599,5.0,1
847,1201,5.0,2
847,1189,5.0,3
847,1122,5.0,4
847,814,5.0,5
848,1599,5.0,1
848,1201,5.0,2
848,1189,5.0,3
848,1122,5.0,4
848,814,5.0,5
849,1599,5.0,1
849,1201,5.0,2
849,1189,5.0,3
849,1122,5.0,4
849,814,5.0,5
850,1599,5.0,1
850,1201,5.0,2
850,1189,5.0,3
850,1122,5.0,4
850,814,5.0,5
851,1599,5.0,1
851,1201,5.0,2
851,1189,5.0,3
851,1122,5.0,4
851,814,5.0,5
852,1599,5.0,1
852,1201,5.0,2
852,1189,5.0,3
852,1122,5.0,4
852,814,5.0,5
853,1599,5.0,1
853,1201,5.0,2
853,1189,5.0,3
853,1122,5.0,4
853,814,5.0,5
854,1599,5.0,1
854,1201,5.0,2
854,1189,5.0,3
854,1122,5.0,4
854,814,5.0,5
855,1599,5.0,1
855,1201,5.0,2
855,1189,5.0,3
855,1122,5.0,4
855,814,5.0,5
856,1599,5.0,1
856,1201,5.0,2
856,1189,5.0,3
856,1122,5.0,4
856,814,5.0,5
857,1599,5.0,1
857,1201,5.0,2
857,1189,5.0,3
857,1122,5.0,4
857,814,5.0,5
858,1599,5.0,1
858,1201,5.0,2
858,1189,5.0,3
858,1122,5.0,4
858,814,5.0,5
859,1599,5.0,1
859,1201,5.0,2
859,1189,5.0,3
859,1122,5.0,4
859,814,5.0,5
860,1599,5.0,1
860,1201,5.0,2
860,1189,5.0,3
860,1122,5.0,4
860,814,5.0,5
861,1599,5.0,1
861,1201,5.0,2
861,1189,5.0,3
861,1122,5.0,4
861,814,5.0,5
862,1599,5.0,1
862,1201,5.0,2
862,1189,5.0,3
862,1122,5.0,4
862,814,5.0,5
863,1599,5.0,1
863,1201,5.0,2
863,1189,5.0,3
863,1122,5.0,4
863,814,5.0,5
864,1599,5.0,1
864,1201,5.0,2
864,1189,5.0,3
864,1122,5.0,4
864,814,5.0,5
865,1599,5.0,1
865,1201,5.0,2
865,1189,5.0,3
865,1122,5.0,4
865,814,5.0,5
866,1599,5.0,1
866,1201,5.0,2
866,1189,5.0,3
866,1122,5.0,4
866,814,5.0,5
867,1599,5.0,1
867,1201,5.0,2
867,1189,5.0,3
867,1122,5.0,4
867,814,5.0,5
868,1599,5.0,1
868,1201,5.0,2
868,1189,5.0,3
868,1122,5.0,4
868,814,5.0,5
869,1599,5.0,1
869,1201,5.0,2
869,1189,5.0,3
869,1122,5.0,4
869,814,5.0,5
870,1599,5.0,1
870,1201,5.0,2
870,1189,5.0,3
870,1122,5.0,4
870,814,5.0,5
871,1599,5.0,1
871,1201,5.0,2
871,1189,5.0,3
871,1122,5.0,4
871,814,5.0,5
872,1599,5.0,1
872,1201,5.0,2
872,1189,5.0,3
872,1122,5.0,4
872,814,5.0,5
873,1599,5.0,1
873,1201,5.0,2
873,1189,5.0,3
873,1122,5.0,4
873,814,5.0,5
874,1599,5.0,1
874,1201,5.0,2
874,1189,5.0,3
874,1122,5.0,4
874,814,5.0,5
875,1599,5.0,1
875,1201,5.0,2
875,1189,5.0,3
875,1122,5.0,4
875,814,5.0,5
876,1599,5.0,1
876,1201,5.0,2
876,1189,5.0,3
876,1122,5.0,4
876,814,5.0,5
877,1599,5.0,1
877,1201,5.0,2
877,1189,5.0,3
877,1122,5.0,4
877,814,5.0,5
878,1599,5.0,1
878,1201,5.0,2
878,1189,5.0,3
878,1122,5.0,4
878,814,5.0,5
879,1599,5.0,1
879,1201,5.0,2
879,1189,5.0,3
879,1122,5.0,4
879,814,5.0,5
880,1599,5.0,1
880,1201,5.0,2
880,1189,5.0,3
880,1122,5.0,4
880,814,5.0,5
881,1599,5.0,1
881,1201,5.0,2
881,1189,5.0,3
881,1122,5.0,4
881,814,5.0,5
882,1599,5.0,1
882,1201,5.0,2
882,1189,5.0,3
882,1122,5.0,4
882,814,5.0,5
883,1599,5.0,1
883,1201,5.0,2
883,1189,5.0,3
883,1122,5.0,4
883,814,5.0,5
884,1599,5.0,1
884,1201,5.0,2
884,1189,5.0,3
884,1122,5.0,4
884,814,5.0,5
885,1599,5.0,1
885,1201,5.0,2
885,1189,5.0,3
885,1122,5.0,4
885,814,5.0,5
886,1599,5.0,1
886,1201,5.0,2
886,1189,5.0,3
886,1122,5.0,4
886,814,5.0,5
887,1599,5.0,1
887,1201,5.0,2
887,1189,5.0,3
887,1122,5.0,4
887,814,5.0,5
888,1599,5.0,1
888,1201,5.0,2
888,1189,5.0,3
888,1122,5.0,4
888,814,5.0,5
889,1599,5.0,1
889,1201,5.0,2
889,1189,5.0,3
889,1122,5.0,4
889,814,5.0,5
890,1599,5.0,1
890,1201,5.0,2
890,1189,5.0,3
890,1122,5.0,4
890,814,5.0,5
891,1599,5.0,1
891,1201,5.0,2
891,1189,5.0,3
891,1122,5.0,4
891,814,5.0,5
892,1599,5.0,1
892,1201,5.0,2
892,1189,5.0,3
892,1122,5.0,4
892,814,5.0,5
893,1599,5.0,1
893,1201,5.0,2
893,1189,5.0,3
893,1122,5.0,4
893,814,5.0,5
894,1599,5.0,1
894,1201,5.0,2
894,1189,5.0,3
894,1122,5.0,4
894,814,5.0,5
895,1599,5.0,1
895,1201,5.0,2
895,1189,5.0,3
895,1122,5.0,4
895,814,5.0,5
896,1599,5.0,1
896,1201,5.0,2
896,1189,5.0,3
896,1122,5.0,4
896,814,5.0,5
897,1599,5.0,1
897,1201,5.0,2
897,1189,5.0,3
897,1122,5.0,4
897,814,5.0,5
898,1599,5.0,1
898,1201,5.0,2
898,1189,5.0,3
898,1122,5.0,4
898,814,5.0,5
899,1599,5.0,1
899,1201,5.0,2
899,1189,5.0,3
899,1122,5.0,4
899,814,5.0,5
900,1599,5.0,1
900,1201,5.0,2
900,1189,5.0,3
900,1122,5.0,4
900,814,5.0,5
901,1599,5.0,1
901,1201,5.0,2
901,1189,5.0,3
901,1122,5.0,4
901,814,5.0,5
902,1599,5.0,1
902,1201,5.0,2
902,1189,5.0,3
902,1122,5.0,4
902,814,5.0,5
903,1599,5.0,1
903,1201,5.0,2
903,1189,5.0,3
903,1122,5.0,4
903,814,5.0,5
904,1599,5.0,1
904,1201,5.0,2
904,1189,5.0,3
904,1122,5.0,4
904,814,5.0,5
905,1599,5.0,1
905,1201,5.0,2
905,1189,5.0,3
905,1122,5.0,4
905,814,5.0,5
906,1599,5.0,1
906,1201,5.0,2
906,1189,5.0,3
906,1122,5.0,4
906,814,5.0,5
907,1599,5.0,1
907,1201,5.0,2
907,1189,5.0,3
907,1122,5.0,4
907,814,5.0,5
908,1599,5.0,1
908,1201,5.0,2
908,1189,5.0,3
908,1122,5.0,4
908,814,5.0,5
909,1599,5.0,1
909,1201,5.0,2
909,1189,5.0,3
909,1122,5.0,4
909,814,5.0,5
910,1599,5.0,1
910,1201,5.0,2
910,1189,5.0,3
910,1122,5.0,4
910,814,5.0,5
911,1599,5.0,1
911,1201,5.0,2
911,1189,5.0,3
911,1122,5.0,4
911,814,5.0,5
912,1599,5.0,1
912,1201,5.0,2
912,1189,5.0,3
912,1122,5.0,4
912,814,5.0,5
913,1599,5.0,1
913,1201,5.0,2
913,1189,5.0,3
913,1122,5.0,4
913,814,5.0,5
914,1599,5.0,1
914,1201,5.0,2
914,1189,5.0,3
914,1122,5.0,4
914,814,5.0,5
915,1599,5.0,1
915,1201,5.0,2
915,1189,5.0,3
915,1122,5.0,4
915,814,5.0,5
916,1599,5.0,1
916,1201,5.0,2
916,1189,5.0,3
916,1122,5.0,4
916,814,5.0,5
917,1599,5.0,1
917,1201,5.0,2
917,1189,5.0,3
917,1122,5.0,4
917,814,5.0,5
918,1599,5.0,1
918,1201,5.0,2
918,1189,5.0,3
918,1122,5.0,4
918,814,5.0,5
919,1599,5.0,1
919,1201,5.0,2
919,1189,5.0,3
919,1122,5.0,4
919,814,5.0,5
920,1599,5.0,1
920,1201,5.0,2
920,1189,5.0,3
920,1122,5.0,4
920,814,5.0,5
921,1599,5.0,1
921,1201,5.0,2
921,1189,5.0,3
921,1122,5.0,4
921,814,5.0,5
922,1599,5.0,1
922,1201,5.0,2
922,1189,5.0,3
922,1122,5.0,4
922,814,5.0,5
923,1599,5.0,1
923,1201,5.0,2
923,1189,5.0,3
923,1122,5.0,4
923,814,5.0,5
924,1599,5.0,1
924,1201,5.0,2
924,1189,5.0,3
924,1122,5.0,4
924,814,5.0,5
925,1599,5.0,1
925,1201,5.0,2
925,1189,5.0,3
925,1122,5.0,4
925,814,5.0,5
926,1599,5.0,1
926,1201,5.0,2
926,1189,5.0,3
926,1122,5.0,4
926,814,5.0,5
927,1599,5.0,1
927,1201,5.0,2
927,1189,5.0,3
927,1122,5.0,4
927,814,5.0,5
928,1599,5.0,1
928,1201,5.0,2
928,1189,5.0,3
928,1122,5.0,4
928,814,5.0,5
929,1599,5.0,1
929,1201,5.0,2
929,1189,5.0,3
929,1122,5.0,4
929,814,5.0,5
930,1599,5.0,1
930,1201,5.0,2
930,1189,5.0,3
930,1122,5.0,4
930,814,5.0,5
931,1599,5.0,1
931,1201,5.0,2
931,1189,5.0,3
931,1122,5.0,4
931,814,5.0,5
932,1599,5.0,1
932,1201,5.0,2
932,1189,5.0,3
932,1122,5.0,4
932,814,5.0,5
933,1599,5.0,1
933,1201,5.0,2
933,1189,5.0,3
933,1122,5.0,4
933,814,5.0,5
934,1599,5.0,1
934,1201,5.0,2
934,1189,5.0,3
934,1122,5.0,4
934,814,5.0,5
935,1599,5.0,1
935,1201,5.0,2
935,1189,5.0,3
935,1122,5.0,4
935,814,5.0,5
936,1599,5.0,1
936,1201,5.0,2
936,1189,5.0,3
936,1122,5.0,4
936,814,5.0,5
937,1599,5.0,1
937,1201,5.0,2
937,1189,5.0,3
937,1122,5.0,4
937,814,5.0,5
938,1599,5.0,1
938,1201,5.0,2
938,1189,5.0,3
938,1122,5.0,4
938,814,5.0,5
939,1599,5.0,1
939,1201,5.0,2
939,1189,5.0,3
939,1122,5.0,4
939,814,5.0,5
940,1599,5.0,1
940,1201,5.0,2
940,1189,5.0,3
940,1122,5.0,4
940,814,5.0,5
941,1599,5.0,1
941,1201,5.0,2
941,1189,5.0,3
941,1122,5.0,4
941,814,5.0,5
942,1599,5.0,1
942,1201,5.0,2
942,1189,5.0,3
942,1122,5.0,4
942,814,5.0,5
