user_id,product_id,rating
1,11612,3
1,7989,3
1,10693,5
1,866,4
1,9663,1
2,25199,5
2,14806,3
2,3463,2
2,10341,3
3,26747,4
3,27627,4
3,17265,4
3,613,5
3,9536,1
3,17503,1
4,5739,1
4,657,5
4,29761,4
4,29033,5
5,23666,2
6,17362,5
6,1638,4
6,15451,5
6,15603,1
6,13755,3
6,22399,3
6,27367,5
6,29273,2
7,21748,3
7,24535,5
7,29687,4
7,18209,1
7,13015,4
7,2443,5
8,14513,3
8,4430,3
8,13908,3
8,14966,3
9,29471,5
9,5300,4
9,15972,2
10,17641,1
10,11692,1
10,27119,3
10,27479,3
10,28416,3
10,14194,3
10,4691,1
11,16691,2
11,2154,5
11,11358,4
11,9842,4
12,8232,5
12,7461,5
12,29767,5
12,15908,4
12,23965,3
12,10454,3
12,13874,3
13,29571,5
13,2159,5
13,5346,2
14,29589,3
14,4060,3
14,23505,3
14,1183,4
15,10237,5
15,11950,5
15,16686,4
15,25066,1
15,25600,2
15,12029,1
15,15019,4
15,17885,3
16,11801,5
16,7895,4
17,4198,3
17,21902,5
17,5738,5
17,11426,4
17,11257,5
18,19303,5
19,16756,5
19,11867,5
19,23251,1
19,7705,3
19,9354,1
19,16919,2
19,6689,3
19,21711,4
20,25831,5
20,28727,3
20,19260,1
20,8774,5
20,23183,5
20,27702,2
20,14394,4
21,13802,1
21,15746,1
21,1198,5
21,10933,4
21,13689,3
22,5884,3
22,26671,1
22,24325,4
22,25418,4
22,16125,3
22,15823,2
22,10032,2
23,9971,2
24,28203,1
24,3139,3
24,22683,5
24,12757,4
24,24862,5
24,761,1
24,18783,3
25,163,5
25,27522,4
25,19931,1
25,28387,4
25,10031,2
25,4281,4
25,18524,5
26,13181,1
26,18045,3
26,13924,4
26,26473,1
26,9298,2
27,19200,2
27,17540,4
28,10796,5
28,27064,1
29,10151,5
29,8425,2
29,20988,1
29,26049,5
29,27863,4
29,20691,3
29,20146,2
29,13091,3
30,24785,2
31,29644,3
31,6189,3
31,17565,1
31,15911,2
31,7112,5
31,20779,4
31,5649,5
32,7335,2
32,6984,4
32,25212,4
32,24334,1
32,10745,1
32,17867,3
32,15862,1
32,853,3
33,15569,2
33,33,5
33,9563,2
33,20753,4
33,24510,3
33,3269,1
33,3889,2
34,28076,3
34,22735,1
34,16210,4
34,26135,4
34,26494,5
34,17846,4
34,16080,2
34,203,5
35,13047,4
35,15273,1
36,20129,2
36,3663,1
36,9570,3
36,308,4
36,14749,4
36,22437,4
36,8580,5
36,25608,3
37,1613,4
37,19940,1
37,781,4
37,223,2
37,830,2
37,2845,2
37,2883,2
37,12558,3
38,4849,4
39,13659,5
39,2275,1
40,12091,3
40,28822,3
40,4853,3
40,17879,2
41,6353,5
41,15801,5
41,28185,1
42,29326,2
43,14760,3
43,8761,2
44,30531,4
44,26052,3
44,15587,4
45,9378,4
45,3661,5
45,18410,2
45,16926,2
45,15573,1
45,4408,3
46,4291,2
46,22950,1
46,11251,5
46,11741,2
46,28208,3
47,17617,4
48,29379,3
48,17014,2
48,3347,2
48,24296,4
48,6781,1
49,6541,1
49,23072,2
49,18213,1
49,17125,3
50,8383,4
50,18524,5
50,8853,3
51,21052,4
51,15298,2
51,7070,2
51,27221,3
51,15636,4
51,9007,5
51,29552,4
51,1175,1
52,15176,2
53,13628,3
53,12881,2
53,12756,4
53,17790,1
53,24739,5
53,26630,1
53,10449,4
53,29181,1
54,12407,1
54,8940,4
54,18918,2
54,13865,3
54,16154,1
54,15525,2
55,14010,5
55,28524,1
55,18059,5
56,20650,2
56,12896,1
56,100,1
56,20109,2
56,20595,3
56,22700,4
56,13656,3
56,2990,2
57,19850,2
57,25244,4
57,14849,5
57,10884,5
57,20189,2
57,16776,4
57,4587,2
58,12826,5
58,560,1
58,11424,3
58,7572,3
58,20712,1
59,15929,4
59,10940,4
59,22030,2
59,19173,4
59,19012,3
59,21909,5
60,12762,1
60,21975,1
60,2277,1
60,1739,4
60,19409,5
61,13010,2
61,24065,2
61,22703,3
61,26371,2
62,3811,1
62,1439,4
62,30072,2
63,5238,2
63,9345,4
63,7321,5
63,29215,1
64,5768,5
64,27264,1
64,24858,1
64,16530,2
64,14565,1
64,6029,4
64,7927,3
65,22083,5
65,4349,3
65,2640,1
66,16281,4
66,2274,4
66,18975,5
67,26165,4
67,17119,4
67,30079,1
67,6744,5
67,21556,4
68,12608,4
68,30572,2
68,20360,1
69,28694,1
69,5866,3
69,14125,3
70,22455,5
70,926,1
71,24955,1
71,22910,1
71,4158,1
71,25204,4
71,25441,4
71,7345,4
71,9793,1
71,21766,3
72,15568,5
72,29004,4
72,26704,2
72,1377,1
73,23287,5
73,22060,3
73,11776,1
74,20142,2
74,23247,2
74,15945,2
74,7838,4
74,2453,2
74,19310,2
74,7144,2
75,8878,4
75,2244,2
75,1365,5
75,18089,2
75,2926,2
75,12600,4
76,24392,1
76,8726,2
76,18939,1
77,19624,3
77,6158,5
77,10282,4
77,21430,4
77,9482,1
77,24035,5
78,20299,3
78,22088,5
78,27212,4
78,23862,5
79,22444,1
79,7558,3
80,18961,2
80,25297,5
80,16247,2
81,5292,4
82,10932,2
82,29153,4
82,26259,2
82,16934,2
83,17025,5
83,13112,4
84,7416,2
85,2763,4
85,27750,4
86,13222,1
86,14790,5
86,17423,3
86,27176,1
86,26173,5
86,1609,3
87,15848,3
87,12096,5
88,10658,2
88,28021,3
89,381,4
89,11558,5
89,3453,5
89,2870,1
89,22771,4
90,2797,5
90,10297,2
90,17646,5
90,10478,5
90,29138,4
90,6474,1
90,20040,5
90,16667,2
91,27398,1
91,13749,5
91,16352,4
91,25688,3
92,21142,5
92,10744,3
92,19324,2
92,2875,5
92,28543,1
92,23230,3
92,22473,3
93,23377,3
93,25701,3
93,25977,1
94,6211,1
94,16472,4
94,29806,3
94,15590,1
94,23078,4
94,6492,2
95,5951,1
95,20733,4
95,20543,3
95,27655,5
95,19683,3
95,4664,3
95,10613,5
95,2069,1
96,16391,1
96,29581,3
96,3835,1
96,21444,4
97,12136,3
97,29135,3
97,27353,3
97,30132,3
97,5133,1
97,28309,4
97,2904,5
98,17738,2
98,28435,1
99,12008,2
99,25595,1
99,19291,4
99,2184,4
99,29980,4
99,6467,1
99,12266,4
99,7101,3
100,1672,5
100,24513,1
101,15289,5
101,11991,3
101,16560,5
101,24179,4
102,24765,1
102,7570,4
103,29136,5
104,5869,5
104,20944,1
104,29486,3
104,9805,1
105,3297,2
105,22837,3
105,16222,4
106,10395,5
106,23916,5
106,29524,5
106,19384,5
106,26473,4
107,19865,3
107,27922,5
107,28248,2
108,2256,4
108,14788,1
108,20963,1
109,10680,3
109,27707,4
109,6807,2
109,2910,3
109,7177,4
110,10728,5
110,17833,1
110,14203,3
110,27920,4
110,9234,2
110,24128,3
110,9838,4
110,7535,4
111,11002,5
111,5272,4
111,29683,1
111,8545,4
112,20405,1
112,26998,5
113,8536,2
113,3500,2
114,7837,5
114,10952,2
114,26943,1
114,14402,3
115,10281,1
115,25907,4
115,14793,5
116,20780,5
116,7367,2
116,25884,3
116,27062,5
116,4551,4
116,19425,3
116,29820,4
116,19194,5
117,5342,5
117,12847,5
118,13253,2
118,4009,2
118,25278,2
119,4203,2
119,24772,3
120,2668,4
120,15142,2
120,13059,4
120,25254,4
121,17276,3
121,22036,4
121,22773,4
122,15100,2
122,19258,3
122,26520,3
122,28072,5
123,10399,2
123,28050,1
123,108,4
123,24347,3
124,23833,2
124,26098,1
124,5945,2
124,25857,1
124,4117,2
124,19914,3
124,8709,4
124,15754,1
125,17206,1
125,16807,3
125,3425,1
125,29958,2
125,2980,4
125,9689,3
125,12492,2
126,1584,1
126,2477,2
126,7430,4
127,9862,2
127,23884,1
127,25736,1
127,10987,3
127,16859,5
127,5637,4
128,29770,2
128,29497,4
128,15777,1
129,14936,2
129,22422,5
129,18032,3
130,14444,1
131,25327,2
131,15647,1
131,23163,2
131,8796,3
131,9865,1
131,28713,3
132,23492,1
132,2121,3
132,429,1
133,14118,5
133,11567,3
133,15733,5
133,8800,2
133,18070,2
133,10128,4
134,3733,1
134,2520,3
135,4819,5
135,17976,3
135,12008,2
135,3218,2
135,1966,2
135,8183,2
135,22070,4
136,30562,4
137,3638,3
137,21921,4
137,8480,3
137,24702,2
137,16516,2
137,21267,3
137,19257,3
138,16286,4
138,4612,1
138,7249,2
138,28993,3
138,22581,2
138,21487,5
138,27969,1
139,15877,2
139,13649,3
140,19189,4
140,5430,4
140,16868,1
140,10253,3
140,29145,4
140,25411,1
140,1563,4
141,22672,1
141,23624,1
141,30280,1
141,13018,2
141,697,1
141,28527,4
142,17390,2
142,21538,3
142,1059,2
142,20966,4
142,29061,5
142,16781,5
142,19210,3
142,19174,2
143,6177,1
143,290,2
144,22902,4
144,3853,5
144,240,4
144,29004,1
144,7531,1
145,17251,3
145,9122,5
145,16621,2
145,17159,3
145,9690,1
146,8610,4
146,20163,1
147,21943,2
147,107,3
147,28651,4
147,25033,5
147,11532,3
147,20093,1
147,17381,5
148,25229,2
149,9357,1
149,26157,5
149,1350,2
149,8512,3
149,14008,5
150,16195,2
150,6773,5
150,19669,3
150,13557,1
150,30334,5
150,26623,1
150,14224,1
150,27168,5
151,29719,4
151,5631,2
151,29538,5
152,307,1
152,5748,2
152,16355,2
152,21130,1
153,7015,1
153,28064,1
153,19998,1
153,23769,4
153,29565,3
153,22217,1
153,16297,2
153,6445,5
154,16064,5
155,2296,3
155,3399,3
155,4932,4
155,16195,4
156,2911,4
157,20178,3
157,8854,3
158,10081,4
158,2552,4
158,14381,3
158,17801,4
158,18964,2
158,28935,4
159,133,5
160,755,1
160,13233,4
160,16395,5
160,27858,2
160,18235,1
160,8504,3
160,26773,2
161,7727,1
161,18928,4
161,323,4
161,7619,5
162,1038,5
162,9166,5
162,22122,2
162,15189,4
162,15056,2
162,23112,4
162,5456,3
162,15240,4
163,20378,2
163,18740,1
163,366,2
163,12474,3
163,26061,4
163,27721,2
163,19720,4
163,17747,4
164,30222,1
164,6168,1
164,24818,3
164,22538,5
164,20105,4
164,29965,4
164,8658,5
165,12595,5
165,11333,3
165,28156,4
165,30147,1
165,18981,5
166,436,1
166,22311,5
166,17389,5
167,15915,2
167,15614,3
168,24746,2
168,4203,3
168,10443,3
168,13981,4
169,1152,5
169,24293,4
169,25769,3
169,2512,3
169,18478,3
169,16614,5
170,11321,1
170,10441,1
170,3523,4
170,16013,5
171,28195,4
171,27600,2
171,16380,3
171,19003,1
171,10378,2
171,24010,5
172,15996,1
173,22258,5
173,26580,3
173,4052,1
173,14474,5
173,3963,3
173,2321,3
173,10702,3
173,1745,2
174,3296,4
174,6424,1
175,5150,5
175,12809,4
175,9275,2
175,722,5
175,16396,5
175,20700,5
175,6500,4
176,24277,3
176,30106,1
176,12777,2
176,3601,3
176,24497,5
176,29802,4
177,18160,2
177,6267,1
177,10114,5
177,18713,4
177,8647,1
178,30098,1
178,9642,5
178,18336,1
179,27214,2
179,5883,5
179,4978,1
180,1438,3
180,22944,5
180,14396,5
180,8402,1
180,23187,5
180,1465,4
180,8523,3
180,3748,4
181,21331,2
181,18414,1
181,29365,1
181,1590,5
182,24322,1
182,18964,5
182,9544,2
182,399,4
182,21334,5
182,22906,5
182,5548,2
183,127,3
184,18763,1
185,19758,5
185,5755,2
185,18383,2
185,5533,2
186,10226,5
186,2285,2
187,25889,2
187,23559,4
187,30326,4
187,6460,4
187,3579,2
188,27771,5
188,12317,3
188,19717,4
188,19279,5
188,9793,1
188,6052,3
188,12854,2
189,18239,1
189,22750,5
189,12073,2
190,8085,5
190,15316,1
191,20255,3
191,1640,4
191,6459,4
191,17485,3
191,14731,4
191,11883,3
192,23079,5
192,21028,3
193,8679,4
193,25187,1
193,27467,3
193,15909,3
194,16443,1
194,18764,5
194,5432,1
194,345,5
194,17738,2
194,26779,3
195,5711,4
196,25433,1
196,9046,1
196,7005,3
197,13463,3
197,26084,4
197,28886,4
197,30320,1
197,15662,2
197,18043,2
197,21642,3
198,20527,3
198,26597,2
198,17324,2
198,15766,5
198,14233,5
199,17671,1
199,20572,2
199,18287,4
200,21910,2
200,15754,2
200,7169,1
200,25357,2
200,18416,5
201,9719,4
201,29489,4
201,20508,4
201,19632,2
201,9984,1
202,3793,4
202,52,4
202,18018,5
202,602,3
202,19466,5
202,28336,3
203,13654,4
203,20277,3
203,21707,1
203,7156,3
204,9503,1
204,241,1
205,24684,3
206,1303,4
206,3705,3
206,19342,2
206,16191,5
206,6,3
206,14934,2
206,14151,5
207,9457,4
207,15081,2
207,20174,4
207,22722,2
207,9121,4
207,7210,1
208,26975,4
208,19765,2
208,12950,2
208,27375,2
209,1792,3
209,20950,1
209,3760,5
209,25426,5
209,5178,5
209,22560,4
210,30012,3
210,27205,3
210,139,2
210,3389,3
210,18175,4
210,3445,4
211,23159,5
211,5497,1
211,18897,1
211,18254,5
211,2001,3
211,25914,3
211,16500,1
211,13013,5
212,10710,4
212,19997,2
213,29123,1
213,8300,1
213,28477,1
214,21374,1
214,11773,2
215,26650,1
215,29529,1
215,10454,4
215,17621,5
215,16642,4
216,12169,5
216,20836,5
217,29095,1
217,1309,2
217,3323,2
218,10296,3
218,16174,5
218,11594,5
218,18160,5
219,14544,4
219,1150,2
220,1932,2
220,19900,4
220,3453,2
220,21877,3
220,10110,2
220,2067,1
220,16055,1
221,12417,1
222,27204,4
222,18736,4
222,11098,5
222,27582,5
222,8432,5
222,14121,2
222,17398,3
222,4151,4
223,1983,5
223,16190,5
223,10588,4
223,4215,4
223,20298,5
223,25484,1
223,24411,3
224,23678,1
224,4890,1
224,2465,3
225,14383,4
225,23010,2
225,12545,2
226,13010,4
226,24588,4
226,24033,5
226,22911,1
226,24285,3
226,3059,1
227,20938,1
227,17461,5
227,26040,1
227,6293,3
228,9721,1
228,26727,5
228,29332,2
228,14199,5
228,16036,1
228,21031,1
228,27098,1
229,18738,1
229,21357,2
229,688,3
230,28978,2
230,14283,2
231,26252,3
231,25855,2
231,26618,1
231,21890,3
232,19937,2
233,11911,1
234,14231,1
234,29797,2
234,11121,4
234,18296,5
234,12086,1
234,28938,1
234,9863,2
234,24593,5
235,7726,3
235,29569,3
235,13685,2
236,26001,5
236,9526,4
236,21805,3
236,22458,5
236,9604,3
237,9987,1
237,26515,2
237,19122,5
238,24543,4
238,26524,5
239,30464,5
239,1485,3
240,16444,1
240,2003,5
240,12471,2
240,2876,2
240,22916,4
240,19881,2
240,20562,4
241,18112,1
241,8353,1
241,15455,1
242,1245,5
242,14393,2
242,9816,3
242,20778,3
242,13080,3
243,15573,2
244,19767,5
245,15788,1
245,20348,4
245,7811,2
245,8020,4
245,11857,4
245,17818,5
245,17847,4
245,27824,5
246,26964,4
246,30062,2
246,16792,3
246,9990,5
246,12530,4
246,11759,5
246,29814,1
247,5186,3
247,27999,3
248,29903,3
248,6085,4
248,19934,2
248,7176,5
249,14015,5
249,21791,1
249,1362,3
250,8788,5
251,18490,4
252,19127,1
252,22774,4
252,2216,5
252,12242,3
253,5935,5
253,14925,5
253,28124,5
253,28329,2
254,9645,1
255,6425,3
256,21090,5
257,28462,4
257,25963,5
257,12906,2
257,10369,5
257,8838,3
258,26784,2
259,11278,3
259,21217,3
260,15550,5
260,9469,3
260,14646,5
260,28092,3
260,10675,1
260,20722,1
260,3436,4
260,17203,2
261,21127,3
261,1520,4
261,22919,2
261,26425,1
261,3619,2
261,4470,3
261,4173,4
261,13635,5
262,7558,1
263,19303,5
263,26491,2
264,8570,4
264,3089,5
264,9490,4
264,21778,5
264,27188,2
264,27224,3
264,25158,4
265,15404,2
266,27552,3
266,19411,5
266,3510,3
266,7121,1
266,2588,2
266,23982,2
266,27085,4
266,16423,1
267,26030,2
267,29105,4
267,20473,2
267,25948,4
268,24459,2
268,27574,3
268,2675,3
268,22657,1
268,9307,4
268,12240,3
268,3843,1
268,6002,1
269,27577,1
270,2611,5
270,5705,2
271,2952,2
271,12187,2
271,28893,5
271,29612,3
271,4155,3
271,1431,1
272,15338,3
272,23329,4
272,16393,2
272,25270,4
272,9720,4
272,16113,5
273,9530,5
273,10218,1
273,29585,2
273,7697,4
273,23612,1
273,317,3
273,13301,3
273,20339,4
274,2988,4
274,13922,1
274,18882,1
275,18626,2
275,15828,5
275,11306,5
275,24356,3
275,11,1
276,12957,3
276,18885,2
276,28007,3
277,22082,3
277,27798,5
277,29888,1
277,15420,5
277,5725,4
277,16360,2
278,8947,3
278,18608,3
278,18304,1
278,21051,4
278,5923,3
279,14792,5
279,15054,3
279,2219,4
279,30384,3
279,18873,4
280,19394,1
280,6299,4
280,28592,3
281,938,5
281,3126,1
282,8464,1
282,4501,3
282,4667,5
282,26382,2
282,24357,4
282,983,1
283,10610,3
283,16318,5
283,8850,1
284,30438,3
284,11501,4
284,9942,2
284,12566,2
284,593,5
284,10218,3
284,26293,1
285,11367,5
285,6395,5
285,9883,3
285,16403,3
285,20046,1
285,29781,5
285,8685,2
286,25127,1
287,20887,2
287,26820,5
287,14415,2
287,20547,5
288,23117,4
288,8160,2
288,23800,1
288,29511,1
288,22917,2
288,17356,5
288,8808,2
289,20583,2
289,3626,2
289,24008,2
289,21537,1
290,14205,4
291,1917,2
291,938,3
291,8227,1
292,17235,2
292,13479,4
292,9476,1
292,23078,3
292,9288,5
292,18201,5
292,4534,1
292,2841,1
293,27326,1
293,1415,5
293,14137,5
293,17132,1
294,15094,4
295,4307,1
295,18635,2
296,13655,1
296,30316,4
296,13924,2
296,14822,2
296,4574,2
296,21967,5
296,13449,2
297,7045,3
297,25941,5
297,21250,5
297,8137,2
297,13743,5
297,21455,4
298,19726,4
299,14035,5
300,25956,3
300,8715,5
300,28897,1
300,20066,4
300,3868,2
300,14760,2
300,5738,5
301,3425,2
301,20975,2
301,29593,4
301,25036,5
301,22000,1
302,7970,1
302,12566,3
302,8269,3
302,1713,3
302,14270,4
302,24211,5
302,14053,4
303,8322,5
303,6560,3
303,7545,2
303,27963,5
303,23568,1
303,4943,4
304,5599,4
304,20490,2
304,799,4
304,5337,4
305,27367,1
305,23300,1
305,23495,1
306,17272,1
306,15603,4
306,13989,4
306,3054,3
307,25935,3
307,9490,4
307,10094,3
307,13806,3
307,21706,4
307,19612,1
308,19057,1
308,3872,3
309,22401,3
309,30207,2
309,13000,5
309,17974,2
309,2688,4
310,23935,2
310,13904,2
310,23934,3
310,22477,4
310,29305,2
310,26348,4
310,22605,4
311,3050,2
311,3099,1
312,19974,4
312,25428,3
312,19779,3
312,19030,4
313,20127,5
313,19082,1
314,16863,2
314,13633,4
314,6182,3
314,28584,3
315,29204,4
315,5529,4
315,26440,3
315,9138,2
315,16368,1
315,2232,3
315,15069,2
316,14737,1
316,15875,4
316,21478,4
316,4976,5
316,23383,5
316,21719,5
316,25911,3
316,16163,4
317,23453,2
317,18603,2
318,27714,5
318,15492,1
319,9412,4
319,18508,2
319,12869,4
319,12088,5
319,28207,5
319,10444,2
320,15743,4
320,5257,4
320,8000,4
320,10951,4
320,19129,2
320,27227,5
321,10222,5
322,13838,1
322,27602,4
322,25533,4
322,24332,5
322,21685,3
323,13545,2
323,7401,1
323,26402,4
323,17036,5
323,23872,2
324,713,5
324,27294,3
324,6462,4
324,576,4
324,17858,3
324,23165,1
324,17317,5
324,23269,2
325,1694,1
325,10983,5
325,23872,4
325,19269,5
325,8358,5
325,16342,2
325,28207,2
326,27001,1
326,3316,4
326,23615,1
326,8635,5
327,15619,2
328,16466,1
329,3912,2
329,867,1
330,15560,5
330,4761,4
330,23843,3
330,1783,2
330,7734,3
330,199,3
330,19083,5
330,13637,4
331,28659,1
331,564,1
331,19954,3
331,28041,1
332,18393,2
333,13326,1
334,24304,4
334,918,2
334,24208,4
334,4072,2
334,23183,4
334,15139,5
334,6035,5
334,26928,3
335,22101,1
335,440,5
335,4371,2
335,15370,2
336,3431,4
336,25505,1
336,12427,3
336,19375,3
336,25729,2
336,467,5
337,8965,5
338,25787,1
338,2740,5
338,12780,3
338,3174,4
339,3671,1
340,7166,3
340,858,3
340,18078,4
340,8080,2
340,20708,5
340,11976,1
341,22052,3
341,24650,1
341,11444,5
341,9866,5
341,12118,5
341,13222,2
341,27438,3
341,1934,2
342,6903,1
342,6687,1
342,23746,4
342,13050,4
342,15578,3
343,1262,1
343,11145,4
343,21420,2
343,30314,2
343,16501,5
343,17687,4
343,27419,4
343,5610,2
344,19770,1
344,12430,2
344,11692,5
344,16514,3
344,27629,2
344,14222,2
344,7715,2
345,3477,3
345,158,4
345,7674,5
345,13737,5
345,2487,5
345,27241,4
346,15844,2
346,21900,3
346,8963,3
346,20289,4
346,1973,3
346,14282,1
346,24084,2
347,11100,1
348,4717,3
348,22183,1
348,21967,3
348,19694,1
348,19536,3
348,14943,5
349,21828,3
349,15968,4
349,18948,1
349,24201,1
349,21281,3
349,1254,3
349,19411,4
350,29295,1
350,19418,4
351,5322,2
352,14968,4
352,2769,3
352,21786,1
353,4366,4
353,28068,1
353,9366,2
353,5138,5
353,6767,4
353,15591,3
353,26949,1
353,3704,5
354,12193,1
354,10572,5
354,17344,2
354,18456,3
354,16615,5
354,12625,2
354,9997,1
355,21541,4
355,9832,5
355,20173,3
355,15203,3
355,28254,3
356,25986,2
356,3174,5
356,16356,5
356,25123,1
356,24445,3
357,9236,4
357,24597,3
358,15026,3
358,23956,1
358,2989,2
358,10314,4
358,526,3
358,29469,2
358,14498,4
359,30339,1
359,24000,2
359,29020,2
360,26674,1
360,25567,3
360,12989,1
360,24036,5
360,24648,2
361,23982,5
361,13108,5
361,9412,1
362,28375,4
362,8558,4
363,5987,4
363,14609,2
363,21449,2
363,5904,3
363,21288,3
363,28663,1
364,2799,4
364,16237,3
364,6910,3
365,3425,3
365,6736,4
365,23324,4
365,22789,2
365,20191,2
366,20429,4
366,4107,5
366,1730,3
366,23404,3
366,17042,5
366,24520,2
367,26437,1
367,25953,4
367,11043,5
367,9182,4
367,23053,2
367,28302,2
367,8804,1
367,1031,5
368,20954,5
368,5482,1
368,3064,4
369,20421,1
369,16408,1
369,7399,3
370,10353,1
371,1202,2
371,21976,5
371,25354,4
371,27510,1
371,1770,2
371,9997,3
372,26769,3
372,16315,5
372,29081,2
372,16171,3
372,4066,2
372,6515,1
373,24717,5
374,10410,2
374,24789,3
374,993,2
374,18805,2
374,6932,3
374,26224,3
374,443,2
374,14012,4
375,14221,1
375,8712,4
375,12852,1
376,6527,2
376,6905,1
376,26059,2
377,16928,5
377,10861,3
377,4327,4
378,6545,1
378,27209,5
378,9561,2
378,13134,4
379,16602,3
380,4657,1
381,14197,3
381,27350,4
381,12093,1
381,15343,5
382,11127,1
382,5026,3
382,8432,4
383,585,1
383,3393,5
383,819,5
383,3313,1
383,3825,3
383,19390,4
384,13264,5
384,17933,5
384,2294,3
385,16016,4
386,2579,1
386,8743,5
386,5642,4
386,1299,4
386,1283,2
387,28456,5
387,15112,1
387,26868,2
387,2160,4
387,8306,5
387,18771,3
387,21383,1
388,322,1
389,10395,3
389,8749,1
390,27917,2
390,21126,1
390,14835,3
391,6257,3
391,13446,3
392,20960,5
392,923,3
392,28901,2
392,17551,2
392,20888,2
393,9768,1
393,8605,2
393,26398,5
393,17034,4
394,22049,2
394,15627,4
395,28693,5
395,13319,2
395,27380,2
395,11002,4
395,17039,1
395,14927,3
396,2367,1
396,20913,4
397,20168,3
398,30521,3
398,25340,4
398,9598,1
399,10045,1
399,7459,4
399,28485,1
399,1341,1
399,14966,2
400,1543,4
400,5541,5
401,29847,2
401,10514,4
401,15003,1
401,27201,2
401,7070,5
401,25516,4
401,25299,5
401,4312,2
402,3918,1
402,15942,4
403,29053,2
403,30040,1
404,12545,1
404,14189,2
404,14085,1
404,11749,4
405,12697,3
405,20308,2
405,20875,3
406,26719,4
406,2001,5
406,28144,1
406,8880,2
406,8666,2
406,1296,2
406,10887,2
407,25300,5
407,820,5
407,20586,2
407,3636,2
408,23662,2
408,12255,3
408,1893,2
408,18714,3
408,23836,4
408,9655,3
408,29890,5
408,1914,1
409,4649,1
409,22287,5
409,5139,3
409,3269,4
410,8687,3
410,21295,2
410,22527,4
410,509,4
410,5870,3
411,19287,2
411,24723,3
411,6169,1
411,138,3
412,20534,2
412,13059,1
413,29162,4
413,19298,1
413,17002,1
413,17859,2
413,29819,1
414,11168,5
414,11174,5
414,6984,3
415,27575,1
415,10346,5
415,9883,2
415,24714,5
416,20871,1
416,28461,4
416,17464,5
417,28706,3
417,26251,3
417,17186,3
417,25757,2
417,21955,5
417,21201,1
418,13774,3
419,23189,3
419,9021,2
419,24121,5
419,2235,3
419,1521,5
420,15558,1
421,2917,5
421,26689,1
421,17073,2
421,18253,5
421,12338,1
421,9945,2
421,11246,5
422,10794,3
422,23148,4
422,9172,2
422,7683,3
423,29722,2
423,3131,1
424,19979,3
424,4300,4
424,24828,4
424,627,1
424,16520,4
424,30293,3
425,17329,2
425,11451,5
425,2289,4
426,25636,2
426,4347,2
426,18473,5
426,19423,2
426,20336,3
427,9848,1
427,30208,4
427,18069,5
427,8968,5
427,15943,3
427,787,5
427,23267,4
427,5040,1
428,16251,3
428,5821,5
428,7362,3
429,15492,1
429,12075,4
429,19588,4
430,27858,3
430,6339,2
430,28558,4
430,24051,3
430,16220,5
431,22499,5
431,5287,5
431,15433,4
431,28465,3
432,5477,4
432,27897,3
432,27352,3
432,14745,2
432,24432,4
433,5489,2
433,12634,2
433,1282,5
434,5760,4
435,14455,4
435,1698,4
435,3594,4
436,3790,1
436,11947,5
436,5734,2
436,26855,1
436,29629,5
437,18346,4
437,30521,4
438,12710,5
438,15659,2
439,5753,5
440,18344,1
440,8540,1
440,28475,1
441,4195,2
442,1714,4
443,16001,1
443,25719,4
444,26234,2
444,5555,5
444,3269,1
445,3799,4
445,18077,1
445,7782,3
445,5877,5
445,18982,4
446,1824,1
447,21965,2
447,28694,5
447,13771,4
447,3415,4
447,13774,2
447,3042,4
447,28687,2
448,6689,4
448,15920,1
448,478,4
449,5276,3
449,27371,3
449,10911,3
449,11090,5
449,26558,4
450,6724,3
450,22164,3
451,34,3
451,8385,4
451,19468,3
451,23744,3
451,1853,2
451,21702,1
451,11420,5
451,20719,4
452,23827,5
452,4469,4
452,22805,3
452,4274,1
453,10785,3
453,24309,5
453,8530,4
453,3333,5
453,11121,2
453,816,4
454,7144,4
454,14326,3
454,15565,3
454,10377,1
454,10373,1
454,496,2
455,24074,4
455,27024,4
456,29106,2
456,7685,1
456,23850,2
456,15120,1
456,16843,2
456,1834,5
457,12855,3
457,1887,5
457,4657,2
457,5750,2
458,10755,2
458,17373,5
458,16953,4
458,28951,4
458,27649,5
459,2147,3
459,30401,2
459,26793,5
459,2870,1
459,2393,4
459,28717,4
459,22632,5
460,28818,4
460,30118,2
460,29441,3
460,13832,5
460,17848,5
460,7178,1
460,1430,1
460,9520,4
461,10537,4
461,130,5
461,27826,3
461,29252,3
461,29768,1
461,29725,4
462,7848,2
462,23041,2
462,4157,3
463,16436,4
463,26277,2
463,15296,5
463,29027,2
464,23095,1
464,25897,5
464,22353,3
464,25816,4
465,22586,2
465,15041,2
465,26200,2
466,30107,1
466,22546,4
466,6335,1
466,5779,5
466,13654,1
466,27360,1
466,20469,4
467,21146,1
467,12864,1
467,16215,3
467,6061,5
468,24456,2
468,4288,4
468,7145,3
468,9061,2
468,21772,4
468,7693,2
468,13919,2
469,20316,2
470,26824,2
471,23447,3
471,15613,2
471,6817,5
472,21687,4
472,29120,3
472,6794,3
472,24507,2
473,16942,2
473,26957,2
474,19579,5
474,5550,4
475,25082,4
475,27544,3
476,20052,5
476,11754,5
476,14231,3
476,15762,4
477,11286,5
477,20394,5
477,22726,1
477,11404,4
478,27936,2
478,2483,1
479,14989,5
479,26151,5
479,12415,2
479,16245,3
479,3227,1
479,26662,1
479,4722,3
479,23838,3
480,23694,4
480,13394,5
480,17936,2
480,13562,2
480,39,2
480,10445,5
480,27569,3
481,13472,2
481,6226,4
481,19165,4
481,22910,1
482,14764,1
482,7045,3
482,19360,1
483,7818,4
483,4468,1
484,13102,1
484,12258,5
484,1163,2
484,19834,5
484,29806,1
484,8356,5
485,19645,4
485,3027,5
485,7619,4
485,735,1
485,6334,2
486,21671,1
486,25728,4
486,18806,4
486,11328,4
486,7580,2
487,13791,4
488,25140,1
488,20450,3
488,20453,5
488,5678,3
488,445,5
488,16034,3
488,30029,4
489,2644,4
489,24727,4
489,19908,5
489,16392,1
489,18154,5
489,12985,4
490,3458,3
490,24524,3
490,17126,2
490,3456,1
491,13392,5
491,24723,4
491,7374,2
491,18277,1
491,16012,3
491,16349,5
491,28792,1
491,18300,1
492,24039,5
492,9859,3
492,15715,1
493,27959,4
493,14609,1
493,387,1
493,30171,5
493,11716,2
493,11380,1
493,16081,4
493,196,2
494,9303,1
494,13931,3
494,1429,3
494,20961,3
494,26710,4
494,16852,1
494,6439,3
495,9284,3
496,7094,4
496,23103,4
496,24398,5
496,6739,5
497,790,5
497,14552,1
498,4100,4
498,3572,2
498,10254,5
498,24060,2
498,20628,1
499,11044,5
499,26605,1
499,2033,1
499,28905,5
499,1303,1
499,18884,4
499,17045,5
499,11199,4
500,20521,1
501,3114,5
501,25420,3
501,28267,1
501,2165,3
501,23908,4
501,26801,4
501,2460,4
502,18091,5
502,17610,4
502,22701,2
502,3154,2
502,18407,1
503,1085,2
503,11348,1
503,28443,4
503,10358,2
503,5559,2
504,18410,1
504,9119,1
504,27280,3
504,21785,1
504,11893,2
505,22045,4
506,16475,2
506,19627,4
506,30045,4
506,23839,4
506,14893,5
506,11376,5
506,829,5
507,17479,3
507,18936,4
507,18417,2
507,6953,2
507,22543,3
507,15073,2
507,29640,5
508,29559,3
508,27115,3
508,9035,3
508,8887,4
508,10011,4
508,19939,4
508,29290,5
508,21130,5
509,30185,3
509,26330,5
509,30427,5
510,19231,2
510,935,1
510,17773,3
511,3733,5
511,2424,1
511,5741,4
512,17773,2
512,13252,2
512,23567,2
513,9362,2
513,23742,4
514,27125,4
514,27372,5
514,3286,1
514,2298,3
514,25317,4
514,9349,2
514,27538,3
515,28436,1
515,16088,2
515,19053,5
515,13517,3
515,23586,2
515,5201,1
515,12151,3
515,19736,1
516,20115,3
516,14660,5
516,8801,1
516,17800,2
517,19065,5
517,14465,4
517,14827,5
517,16588,2
517,15698,1
517,15494,2
518,20673,5
518,14448,4
518,27324,3
519,25266,5
519,1340,5
519,17288,2
519,18581,1
519,2359,3
519,26227,1
519,26272,3
520,24427,5
520,21233,3
520,15324,5
521,23907,5
521,12347,5
522,5701,5
522,5890,1
522,11926,3
522,12784,1
522,28029,2
522,7099,2
523,20321,2
523,13423,5
524,8395,1
524,13213,5
524,614,4
525,29446,3
525,11512,3
525,4531,5
525,4018,2
525,18210,2
526,11814,1
526,4205,1
527,10037,1
528,10662,5
528,4655,1
528,26416,5
528,13307,3
528,30526,2
528,24172,5
528,27459,1
528,17643,4
529,3627,4
529,24487,4
529,1666,2
529,28461,1
529,29786,1
529,28516,2
530,28816,1
530,12866,5
530,18049,2
530,5721,2
530,11992,5
531,20983,1
531,11442,5
531,15903,1
531,3189,1
531,12743,1
531,28272,2
531,27115,5
532,8579,2
532,23480,5
532,6689,4
532,24970,3
532,28343,4
532,30409,3
532,23099,1
533,24250,3
533,22993,4
534,9524,1
534,28414,3
534,22325,5
534,23684,5
534,16300,4
534,13776,4
534,28967,4
535,22663,5
535,21939,4
535,27299,4
535,15738,2
536,6753,1
536,26585,1
537,196,3
537,27132,2
537,28360,5
537,22702,1
537,12868,2
537,16752,3
537,25206,3
538,24857,2
538,4420,1
538,1744,2
538,12254,5
538,10268,2
538,8220,4
538,6154,2
538,20851,4
539,1056,1
540,22733,1
540,3718,3
540,26552,2
540,873,4
540,25620,1
540,5310,4
540,16151,1
541,4363,4
541,19924,5
541,2742,4
542,28458,1
542,25178,5
542,10651,4
543,11355,1
543,10818,3
543,1284,3
544,27205,1
544,24993,3
544,12625,1
544,18456,4
545,2749,2
545,9654,1
545,22473,4
545,19674,5
545,14972,3
545,19156,5
545,12278,5
545,25323,1
546,25063,3
546,13558,5
546,14265,1
546,10132,4
546,2686,3
546,15916,2
547,6912,5
548,16173,4
548,3254,2
548,16566,1
548,23900,5
548,4096,5
548,15606,3
548,24909,2
549,18900,3
549,2864,4
549,13172,5
549,5528,3
549,17096,2
549,6288,1
549,779,4
549,17015,2
550,1876,4
550,16034,1
550,6801,4
550,29059,2
550,16654,2
550,14630,2
550,11839,1
551,16008,5
551,28808,3
551,10583,4
551,4024,4
551,30526,5
551,14140,4
551,24792,4
552,4344,1
552,2595,4
552,22471,3
552,20924,1
552,967,4
552,18385,1
552,7301,2
553,19408,4
553,14391,4
553,23016,5
553,27222,5
553,6861,2
553,17377,1
554,1100,3
554,12146,1
554,9453,5
554,16973,4
554,1159,3
554,22636,5
555,6195,4
555,314,5
555,27410,2
555,28471,4
555,367,3
555,26639,5
555,6395,4
555,7386,4
556,9919,2
556,9099,3
556,28901,1
557,16435,5
557,9676,5
557,26967,4
557,18832,2
557,17105,4
557,1361,3
557,28196,1
558,5548,1
558,17372,3
558,18748,4
558,25846,1
558,27428,5
558,12395,3
558,24731,2
558,11147,3
559,5816,2
559,23463,2
560,14328,5
560,3623,4
560,30443,4
560,25526,4
560,13406,5
560,8556,1
561,1399,5
561,18357,4
561,11311,3
562,15919,2
562,12389,4
562,26252,4
562,25864,5
562,23657,2
562,2735,1
563,25610,2
563,27852,2
563,17016,2
563,4982,1
563,3370,5
563,22513,3
563,11334,5
563,25076,3
564,24537,3
564,23034,3
564,22744,5
565,15182,2
565,20422,2
565,7677,2
565,8299,4
566,12282,1
567,13333,4
567,23266,1
567,15922,3
567,28325,4
567,6300,5
568,10712,5
568,12983,1
569,24932,5
570,4755,1
570,9388,1
571,20881,4
571,26478,5
571,16321,4
571,30147,3
572,15444,1
572,13409,3
572,11229,1
572,12194,3
572,29097,1
572,16148,2
573,23215,2
573,4745,5
573,3765,2
573,4769,3
573,25366,3
574,21438,3
574,11885,1
574,2300,5
574,18516,2
574,17861,1
574,11241,2
574,30378,2
574,679,1
575,8926,5
576,17391,2
576,29376,1
577,10122,5
578,11378,3
578,18843,3
578,23223,1
578,6597,1
578,13959,3
578,19754,3
578,26312,5
579,777,2
579,18171,3
579,8041,3
579,16834,3
579,9433,2
579,11794,2
579,29350,4
579,6150,1
580,11858,4
580,21618,3
580,29087,4
580,11684,4
580,9055,3
581,10209,4
581,16550,2
581,4231,3
581,17574,1
582,14295,2
582,18790,5
582,12330,2
582,13308,4
582,24944,3
583,10689,1
583,11544,2
584,26773,4
585,6627,2
585,6157,3
586,9061,4
586,16424,3
586,3906,2
586,800,5
586,21952,1
586,6308,2
586,7159,4
586,29543,4
587,9334,3
587,4091,1
587,8847,4
587,5211,3
588,24088,2
588,1264,3
588,14124,3
588,1617,1
589,2992,5
590,26650,1
590,17113,1
591,8860,4
591,9442,5
591,6084,4
591,11950,1
591,9459,4
591,28412,4
592,21821,2
593,18418,2
593,12091,4
593,7990,3
593,29758,4
593,21169,2
593,23199,5
594,16617,4
594,22331,3
594,18262,3
595,26824,1
595,7516,1
595,5143,5
596,16127,4
596,20055,3
596,8866,3
596,20017,1
596,3899,2
597,28017,2
597,200,1
597,8110,1
597,21229,1
597,2166,3
597,26343,3
597,2549,3
597,9492,3
598,30172,1
598,2094,4
598,16495,1
598,21210,2
598,20628,5
598,12525,1
598,15253,3
598,6306,3
599,26717,5
599,21593,1
599,1834,3
599,9094,4
599,23780,1
599,23365,3
599,28294,1
600,10365,2
600,11508,2
600,5384,2
600,3349,2
601,19514,5
601,16648,4
601,7742,4
601,16680,4
602,13796,1
602,9703,2
602,25580,3
602,18462,4
602,29715,1
603,21395,5
603,28370,2
603,25247,1
603,21319,3
603,7228,5
603,20132,5
603,4330,1
603,5676,1
604,24047,3
604,27658,2
605,12685,4
605,15569,5
605,24199,1
605,16528,4
605,29519,4
606,22716,2
607,15180,1
607,6913,5
607,6984,4
608,18704,1
608,14212,2
609,2786,5
609,17169,5
609,16000,1
609,21291,5
610,8432,4
611,7140,3
611,8759,5
611,15578,2
612,15039,1
612,14468,1
612,7575,4
612,24593,1
612,27497,5
612,14956,3
612,9726,5
612,12088,5
613,5599,5
613,7852,4
614,12973,1
614,20019,1
614,16925,5
614,20908,4
614,27680,2
614,10340,2
614,18117,1
615,5433,5
616,467,1
616,21301,3
616,27394,5
616,12658,3
616,13113,1
616,14228,3
616,4254,3
616,15319,4
617,26677,1
617,25624,3
617,11064,1
617,23623,1
617,4548,1
617,16700,2
618,4616,2
618,15015,3
618,12056,5
619,632,1
619,24398,5
619,23148,1
620,20062,1
620,6570,2
620,3945,1
620,28775,5
621,3278,5
621,29212,1
621,13422,5
621,16385,3
621,16433,5
621,20367,4
621,19011,1
621,26969,2
622,20322,4
622,2602,4
622,15478,3
622,29710,2
622,24600,4
622,24485,5
622,1868,2
623,24003,5
623,17989,1
623,15069,5
624,10527,1
624,8841,3
624,15504,2
625,3355,2
625,23007,4
625,4478,4
625,10415,2
625,5629,5
625,558,3
625,1252,1
625,2777,2
626,21115,2
626,8408,3
626,26284,5
626,17766,1
626,7727,4
626,9017,5
626,5490,2
627,14834,3
627,28726,1
627,15316,2
627,1346,5
627,435,5
627,12513,3
628,28227,1
628,3900,4
628,20810,5
628,6226,1
629,10788,4
629,28722,2
629,10506,5
629,26627,1
629,7418,3
630,22057,5
631,4357,1
631,754,4
631,16132,5
631,29421,3
631,12732,1
631,25730,4
631,14055,2
632,29102,4
632,16293,4
632,16815,2
632,19180,5
632,4398,2
632,6175,5
633,922,4
633,19937,1
633,1741,5
633,20221,5
633,18302,2
633,9088,5
633,23864,5
634,15408,3
634,16252,3
634,27611,1
634,7948,5
634,21366,1
634,25763,5
634,29782,2
634,29610,3
635,19056,4
635,17661,5
635,26183,4
635,10259,4
635,20861,5
635,25511,4
636,4148,1
636,1834,1
637,13831,5
638,16214,3
638,26399,1
638,19021,2
638,6393,5
638,16376,4
638,29154,1
639,2698,1
639,18430,3
639,7356,1
639,22600,1
639,8059,3
639,3258,5
639,27209,4
639,29213,3
640,7560,1
640,16618,1
640,13467,2
640,8070,1
640,6940,4
640,16941,3
640,24001,5
641,15816,1
641,4360,2
642,17585,4
642,23309,5
642,15426,3
642,12925,5
642,5702,2
643,11657,2
643,28298,2
643,8511,2
643,2699,5
644,19905,1
644,4455,3
644,28478,4
644,3654,5
644,22527,2
644,29796,5
645,17968,1
646,26689,2
646,28576,1
646,16867,2
646,13670,4
646,19069,4
646,17383,5
647,20347,3
647,26686,5
648,24441,1
648,21631,3
648,4385,1
649,28307,3
649,24866,3
649,10083,3
650,16161,2
650,16064,4
650,21305,4
650,20265,2
650,1537,5
650,6210,5
650,25384,4
651,3938,5
651,507,3
651,4104,1
651,14067,3
651,30059,4
651,17877,4
652,3042,2
652,4475,4
652,14698,2
652,7990,3
653,18546,4
653,23417,5
653,88,4
654,3413,5
655,12930,3
655,12199,5
655,2182,1
655,2665,5
655,24564,1
655,17582,5
656,16130,2
656,11087,5
656,2506,2
656,12075,4
656,12285,3
656,18783,3
657,2554,3
657,419,1
657,7213,4
658,5379,2
658,20818,4
658,16653,3
658,27711,1
658,17502,1
659,17995,5
659,2753,3
659,27826,3
659,1411,5
659,28950,5
659,20893,1
659,21434,5
660,6457,4
660,22247,1
660,222,4
660,25593,5
661,25986,1
661,9999,1
661,24982,2
661,28726,4
661,29542,4
662,30450,1
663,1537,5
664,19989,1
664,29176,2
664,17058,2
665,20914,1
665,20813,4
666,723,5
666,22043,3
666,7966,3
666,1083,1
666,24522,2
666,13290,1
667,16781,4
667,27701,3
667,9668,5
668,16654,1
668,6128,5
668,15350,3
668,4466,2
668,2481,1
668,24641,4
668,18604,5
668,24907,5
669,10468,5
670,21518,4
670,18458,3
670,22717,5
670,22479,4
670,5179,5
670,20538,3
671,1031,4
671,1707,1
671,24619,2
671,18,1
672,12342,4
672,10011,3
672,2175,4
672,7008,5
672,648,4
672,15853,2
672,3566,1
673,29663,1
673,18218,4
673,30103,3
673,29413,4
674,3400,1
674,7912,1
674,2142,5
674,27801,5
675,24200,1
675,29909,1
675,27717,1
675,16790,1
676,6108,5
676,5773,2
676,25715,4
676,27794,1
677,3897,2
677,18605,3
678,16696,1
678,13773,3
678,24852,2
678,7406,3
678,8992,3
678,28050,3
678,205,4
678,21441,3
679,26697,3
679,10859,5
679,23346,2
680,17244,1
680,367,2
681,29713,1
681,3539,2
681,6585,3
682,30176,1
682,29434,3
683,10125,5
683,2042,5
683,10524,4
683,19128,4
683,15240,1
683,12945,2
684,26675,5
684,18737,3
684,18739,2
684,16520,1
685,30549,4
685,29465,1
685,24221,3
685,21365,5
685,11779,2
685,7593,1
685,3664,3
686,21389,4
686,13835,2
686,2524,4
686,4189,4
686,28010,5
686,6249,1
686,26977,1
687,27107,2
688,2302,2
688,5273,1
688,16090,5
688,17365,2
688,3952,3
688,16223,5
688,16757,4
689,17106,3
689,13545,4
689,22241,2
689,27628,5
690,29025,4
690,10928,2
690,614,2
690,5924,3
691,6967,2
692,12363,5
692,2086,1
692,23819,1
692,18643,4
692,5880,1
692,28878,1
692,13660,1
692,6554,1
693,16349,4
693,29728,2
694,18478,1
694,19686,4
694,16182,2
695,30508,5
696,9097,4
696,4105,2
696,25932,2
696,23305,4
696,607,2
696,6866,1
696,14651,3
696,25959,4
697,888,5
697,9389,3
697,403,4
697,17982,4
698,22257,4
698,17885,2
698,15672,1
698,3363,5
698,19979,2
699,30419,1
699,7542,2
699,9010,1
700,15289,1
700,22914,4
700,24599,3
701,21407,1
701,2493,3
701,8464,5
701,22017,4
702,9638,3
702,5826,1
702,26510,1
702,29380,1
702,7853,3
702,18102,3
703,16740,3
703,5218,3
703,29803,4
703,20997,5
703,14518,2
703,626,4
703,26447,5
704,12118,3
704,15188,4
704,6503,2
704,25458,4
704,18413,3
705,12112,5
705,29254,5
706,29659,3
706,6019,1
706,10477,4
706,28283,1
706,9390,3
706,5751,4
707,338,4
707,22370,5
707,15772,3
708,8463,2
708,17823,1
708,25853,1
708,15447,2
708,15172,5
709,10299,5
709,6907,1
709,22928,3
709,14528,1
709,30025,5
709,12780,4
709,6064,3
710,7982,1
710,7683,4
710,4377,3
710,23822,3
710,4014,3
710,27121,1
710,29281,3
710,22719,1
711,12512,5
711,4557,4
711,7410,4
711,12880,4
712,17212,5
712,23604,4
712,8113,4
712,30030,1
712,22963,5
712,16676,4
712,1288,1
713,4709,5
713,17967,2
713,24911,4
713,237,2
714,12369,1
714,11118,3
714,4544,4
714,16880,2
714,29250,2
714,17048,1
714,25386,2
714,11610,3
715,12409,4
715,29234,1
715,25516,4
715,11687,2
715,13047,5
715,10657,4
715,290,5
716,4098,5
716,28309,3
716,485,4
717,28792,2
718,25647,4
718,15987,3
718,16575,1
718,23767,2
718,8635,5
719,13200,1
719,17149,4
719,12653,1
719,19652,4
720,17051,4
720,3643,2
721,17082,1
721,27783,3
721,27113,4
721,26852,1
721,1521,5
721,17330,2
721,7077,5
722,24682,5
722,28179,3
723,20558,3
723,18065,3
723,18433,3
723,16170,2
723,18963,4
723,26004,2
723,16638,5
723,2674,1
724,13062,4
724,28990,3
725,7954,4
725,16282,5
725,3901,1
725,24252,2
725,10190,4
725,19459,1
726,3957,2
726,16259,5
726,10749,4
727,21087,4
727,10202,2
727,28647,3
727,15726,4
727,2629,2
728,18110,2
728,29534,1
728,16752,3
728,9105,2
728,18609,2
729,2327,5
729,1185,4
729,23548,3
729,19854,4
729,25915,3
729,26318,3
730,11320,5
730,6963,2
730,19527,3
730,16588,2
730,13562,1
731,17450,3
731,5202,3
731,17281,4
731,18828,3
732,18455,3
733,25439,4
733,8429,2
733,30314,1
734,15988,4
734,10440,2
734,19881,3
734,14594,2
735,12925,5
735,1131,3
735,28136,1
735,12616,5
735,30464,1
735,15038,5
735,3941,2
736,1212,5
736,18689,5
737,25854,2
737,12795,4
737,25101,3
737,7971,2
737,14267,5
738,7680,2
738,12709,1
738,9515,2
738,348,4
738,896,5
738,9253,4
739,9262,4
740,28948,3
740,22940,4
740,4717,1
740,21241,5
740,10976,5
740,16353,1
740,21299,5
741,7102,5
742,19221,2
743,17752,1
743,23856,2
743,25471,5
743,6534,1
743,28199,2
743,6360,4
743,24274,5
743,17931,5
744,13616,5
744,896,4
744,12054,2
744,3946,5
744,18326,5
744,1476,5
744,1741,2
745,7333,2
745,17812,4
745,1257,2
745,26266,5
745,14527,3
745,21674,5
745,5829,3
746,11761,1
746,23206,3
746,6317,4
746,19623,4
747,414,4
747,15758,5
748,77,5
748,6433,2
748,1652,3
748,3373,1
749,9583,1
749,5110,4
750,8604,4
751,12637,1
752,17071,1
752,10098,2
752,26198,2
752,23928,4
752,14991,3
752,29643,3
753,8561,4
753,7378,4
753,10846,5
753,17477,4
753,22822,4
753,6636,4
754,21683,3
754,27517,3
755,22618,2
755,1958,5
755,4796,4
756,25121,2
756,8362,1
756,12676,5
757,19319,3
757,2043,2
757,12901,2
757,2250,3
757,7396,5
757,9396,3
758,30396,3
758,17363,2
758,11340,1
758,7995,4
759,20286,4
759,17688,3
759,16902,3
760,3567,1
760,12444,4
761,22676,5
761,21770,3
761,18424,3
762,2716,3
762,21093,3
762,9320,4
762,2959,5
762,27512,5
762,2764,5
763,12765,1
763,2600,1
763,4126,4
763,6044,1
763,26556,5
764,13125,3
764,16224,3
764,21512,3
764,29863,2
765,4926,4
765,9845,2
765,4304,5
765,2763,3
765,13908,2
766,28463,1
766,4874,2
766,2983,1
766,6798,2
766,5252,3
766,26393,1
766,7666,5
766,23896,1
767,11435,3
767,14832,2
767,25318,3
767,21114,3
768,17175,4
768,29733,3
768,14552,3
768,8816,2
768,12018,2
769,29302,3
769,30101,3
769,24603,4
769,9781,3
769,13936,4
769,5807,2
770,1654,3
771,27894,1
771,4106,3
771,888,2
771,26579,2
771,27076,3
771,15051,4
771,14109,4
772,6536,3
772,13521,3
772,11375,1
772,24272,4
772,23734,5
772,11571,1
772,25756,5
773,7163,5
773,18114,2
773,22458,3
773,11976,5
773,19424,3
774,5527,3
774,29775,5
774,4484,4
774,18478,4
774,14350,2
775,26443,1
775,16456,1
776,2978,2
776,12630,5
776,5429,4
776,19539,5
777,2599,4
777,24273,4
777,24165,4
777,20201,3
777,28076,1
778,17700,1
778,10918,4
778,29670,1
778,28879,2
778,6318,2
779,690,3
779,21784,5
779,16402,2
779,3482,2
780,15629,4
781,15950,1
781,22525,1
781,18711,5
781,13911,1
781,24968,1
781,6527,1
781,4856,1
782,18324,2
782,15046,2
782,5389,2
782,24774,3
783,14447,5
783,26468,5
783,30279,3
783,15586,2
783,7915,3
783,6694,3
783,27268,2
783,532,4
784,16455,2
784,24063,4
784,16020,5
784,27711,5
784,4121,5
784,1024,2
784,28877,1
785,165,5
785,30524,1
785,18803,2
785,19121,3
785,30298,5
785,8826,1
786,27927,5
787,29844,1
787,22841,2
787,21837,4
787,21307,2
787,6761,3
788,24786,1
788,25636,2
789,15844,3
789,11541,3
789,6867,2
789,28085,1
789,17163,5
789,1176,2
789,9754,5
789,20564,5
790,16461,2
790,9808,5
790,10543,5
790,9480,2
790,26494,1
790,7700,3
790,9952,5
790,26680,4
791,15202,5
791,774,1
791,23831,1
791,14437,4
791,27867,4
791,2726,4
792,13747,2
792,18369,4
792,9897,1
792,14312,2
792,8500,1
792,6574,2
792,16784,5
792,23011,1
793,19385,2
794,7191,2
794,11867,4
794,22476,4
794,2991,5
794,15458,2
794,14856,3
794,3524,1
794,5183,3
795,5741,2
795,16414,4
795,26045,5
795,16369,4
795,4491,2
795,11768,4
795,25044,2
795,23999,4
796,19508,4
796,12244,4
796,3530,3
796,28182,1
796,15450,3
796,29450,1
796,5292,3
796,13635,5
797,1736,5
797,4051,5
797,8349,3
797,25971,5
797,16008,2
797,8216,2
797,18269,5
797,28007,4
798,17767,4
798,21568,5
798,3354,1
798,11,1
798,629,3
798,22608,3
798,15066,2
798,26925,3
799,22998,4
799,27334,3
799,3035,3
799,12020,3
800,5986,4
800,23494,5
801,23699,1
801,2112,1
801,5769,5
801,6667,2
801,200,1
801,4239,1
801,22832,4
801,15868,2
802,30459,2
802,11219,2
802,13186,1
802,26406,1
803,13863,3
803,18576,3
803,22504,2
804,24212,2
804,19419,1
805,30138,5
806,17238,4
806,28900,2
806,2374,3
807,2320,5
807,6060,4
807,1379,1
807,28028,2
807,9804,1
807,23039,2
807,11519,4
807,959,2
808,18965,1
808,7240,4
808,5376,1
808,19855,5
808,2024,2
808,19414,2
808,18873,3
808,14793,1
809,29595,4
809,19146,5
810,19174,4
810,14179,4
810,18994,5
810,30304,2
810,23042,5
810,18383,2
811,23620,3
811,9334,3
811,20086,4
811,2186,1
812,13592,1
812,17371,3
812,28679,4
813,790,1
813,30250,1
813,10479,5
813,15141,5
813,1544,3
813,27413,3
814,11500,1
814,17088,1
814,4351,3
814,5056,3
815,21399,4
815,3255,3
815,10890,3
815,19184,5
815,19924,4
815,248,1
815,24969,5
816,10660,5
816,13964,5
817,13104,1
817,11657,4
817,5908,5
817,16095,5
817,28525,5
817,28092,3
817,8898,5
817,15540,5
818,16959,3
818,11353,4
818,14954,2
818,11486,2
819,12818,2
819,10195,3
820,1836,1
820,16965,2
820,27829,4
820,1686,1
820,12549,3
820,2927,3
820,30297,1
821,13763,2
821,14390,3
821,8965,2
821,5055,2
821,100,2
821,21846,4
821,24362,5
821,7181,1
822,22327,3
822,9004,5
822,12482,1
822,19302,4
822,7331,1
823,29473,2
823,3440,1
823,27457,2
823,8966,3
823,16954,4
823,22001,1
823,21061,5
824,10149,1
825,29500,2
825,29116,3
826,16087,2
826,933,2
826,27716,5
826,983,1
826,2841,2
826,7748,3
827,26712,1
827,28002,1
827,8567,1
827,2447,2
827,21865,4
828,7704,5
828,23874,3
828,22371,3
828,27911,4
828,10388,5
828,7578,1
828,22695,2
829,8423,5
829,9314,5
829,23256,1
829,9799,1
829,21837,1
829,23599,5
830,25643,1
830,7258,2
831,457,3
832,8448,5
832,23365,4
832,22384,2
833,26504,2
833,23396,4
834,24724,3
834,8168,5
834,7584,1
834,29752,1
835,13395,2
835,27313,1
835,19314,5
835,27835,3
835,13497,4
836,18032,3
836,27642,2
836,6359,1
837,6056,1
838,22631,1
838,9397,2
838,26512,2
839,24123,4
839,2318,3
839,9555,2
839,14261,4
839,3394,5
839,10854,4
839,11071,5
839,20474,5
840,27585,4
840,17472,3
840,6134,1
841,3675,1
842,22675,5
842,16923,1
842,9683,3
842,21895,3
842,1765,2
842,16814,4
843,25955,3
843,28573,4
843,11988,1
843,24884,5
843,26000,5
843,26783,3
843,2849,3
844,6092,5
844,21951,3
845,16475,5
846,30394,5
846,5169,5
846,29903,3
846,1752,1
846,24166,2
847,5599,5
847,20788,3
847,28260,2
847,28045,1
847,22593,5
847,25487,1
847,28145,5
847,20724,5
848,12900,4
848,11882,3
848,21569,3
849,26706,2
849,5040,3
849,14727,5
849,9786,3
850,28090,2
850,12845,4
850,8327,1
850,28777,5
851,1055,2
851,17394,3
852,26425,5
852,2231,2
852,4937,1
852,21810,1
852,1154,2
853,11431,1
853,19822,4
853,16905,4
853,15111,3
853,9403,5
853,24079,3
853,18733,4
853,836,1
854,10289,5
854,2338,5
855,19051,3
856,5256,4
857,14751,2
857,4053,2
857,2509,4
857,14783,2
858,22718,4
859,16173,4
859,10798,4
859,17456,3
859,15137,3
859,12519,1
860,16882,4
860,20703,2
860,22566,5
860,1189,4
860,8385,2
860,21135,3
860,22306,3
861,111,1
861,2399,3
861,9131,2
861,13060,2
861,10101,2
861,7242,3
861,10240,3
862,15093,4
862,14681,3
862,8512,5
862,4560,3
862,8328,2
862,19525,5
863,23664,1
863,10148,4
863,26903,4
864,28708,3
864,8173,3
864,7600,3
865,25298,1
866,3961,2
866,27201,1
866,28876,4
866,2465,5
866,23122,3
867,22889,4
867,19475,3
867,13080,5
867,17241,3
867,25618,5
868,6891,1
869,11356,4
869,15858,5
869,6314,4
869,887,3
869,23636,4
869,24509,5
869,292,2
870,13568,4
870,16270,4
870,27562,5
871,1975,4
871,8139,3
872,28339,3
872,22680,4
872,30425,4
872,17577,3
872,5719,2
872,12493,5
872,3293,1
873,29164,4
874,88,5
874,28304,5
874,9207,2
874,26429,1
875,23704,2
875,19463,1
875,26889,5
875,11158,3
875,26653,1
875,10451,2
875,23025,5
875,26340,5
876,21011,3
876,10819,4
876,23718,3
877,7238,5
877,19302,5
877,22382,3
877,6192,5
877,13500,4
878,21229,2
878,16414,2
878,7164,5
878,15401,3
878,25428,3
878,2591,4
878,27307,4
878,6350,1
879,30206,3
879,22893,1
879,16840,3
879,17670,3
879,27577,4
880,12633,5
880,25979,3
880,22267,2
880,5601,5
881,13271,4
881,29628,2
881,18404,4
881,28682,3
881,12352,3
882,26979,2
882,4661,3
882,25825,1
882,26596,1
882,6145,2
882,12792,2
883,16599,3
883,20825,1
883,16444,5
883,11340,1
883,7844,3
883,10021,4
883,24660,2
884,29615,1
884,18057,4
884,27940,5
885,25770,3
885,23272,4
885,6181,4
885,7421,1
885,28561,3
885,28581,1
885,26657,4
886,25312,4
886,24593,2
886,25651,3
886,12520,1
886,17829,4
886,23929,2
886,18111,2
886,7913,3
887,22993,3
887,9799,2
887,23006,3
887,4882,4
887,17732,2
887,13925,4
888,20488,1
889,7643,1
889,2211,5
889,19333,1
890,28451,3
890,17224,5
890,3822,2
891,14736,1
891,4409,3
891,2786,5
891,17986,5
892,26425,4
892,20141,3
892,3959,3
892,7124,1
893,19362,4
893,24934,5
893,12228,3
893,27789,5
893,17181,1
893,6764,1
893,29573,5
894,15063,4
894,17871,3
895,12309,1
895,11510,2
895,7298,1
895,19904,5
895,23433,4
895,16548,3
896,8796,1
896,24839,4
896,20866,3
896,18414,5
896,2541,3
897,17055,2
897,535,3
897,10562,5
897,16787,5
897,25451,1
897,26041,4
897,1436,3
897,8505,1
898,28274,2
898,16564,5
898,3178,3
898,20944,1
898,12333,1
898,19728,1
898,5923,5
898,23224,3
899,13170,1
899,19196,1
899,13741,2
899,22768,2
899,16660,1
899,26757,4
899,799,3
899,25041,1
900,4312,5
900,1769,2
901,3257,3
902,24599,3
902,28200,1
903,17434,1
903,5415,5
903,25362,3
903,29414,5
904,2638,4
904,688,4
904,11829,4
904,28149,2
904,11449,5
904,21301,2
905,22800,1
905,1249,5
906,19824,4
906,28462,2
906,13647,1
906,20946,2
906,820,4
907,6480,4
907,20119,5
907,13458,1
907,20907,3
907,19277,4
907,13147,3
908,6223,3
908,9726,3
908,23714,4
908,12943,5
908,8343,5
909,29894,2
909,20427,5
909,23500,2
909,13103,5
909,3692,5
909,13760,4
909,12888,2
909,17902,5
910,21471,2
910,17471,1
910,20492,5
910,9154,3
910,22765,5
910,195,3
911,11647,3
911,29657,1
911,4563,5
911,15557,2
911,12447,4
911,16328,2
911,19195,3
912,7875,3
912,23878,2
912,27560,4
913,26354,4
913,25867,5
913,11252,2
913,9430,2
913,29610,5
914,25794,5
914,9952,5
915,11881,4
916,2730,2
916,18144,3
916,564,1
916,5400,2
916,26983,4
916,16660,4
917,9524,5
917,17137,5
917,7746,2
917,7409,3
918,24524,5
918,6265,1
919,13260,5
919,19250,4
919,7622,2
919,7483,2
920,26607,1
920,17631,5
920,6373,3
920,11320,2
920,556,1
921,4945,4
921,10378,2
921,20209,5
921,29379,3
921,6071,5
921,11699,2
921,25000,2
921,9799,2
922,958,2
922,6987,3
923,4657,2
923,1180,4
923,917,2
923,26930,1
923,24767,4
924,13803,4
924,12719,2
924,16297,2
924,23706,2
924,26163,2
924,18815,5
924,27737,5
924,24068,5
925,28687,2
925,24198,3
925,6971,1
925,21484,1
925,21289,4
926,28810,1
926,26277,3
926,17589,3
926,11996,2
927,12373,1
927,17024,4
927,25470,3
928,2569,4
929,18800,3
929,3415,4
929,25957,2
929,20391,1
929,29701,5
930,14108,5
930,22328,2
930,24559,4
930,19311,2
930,17868,4
930,29267,1
930,10262,2
931,19081,4
931,17647,1
931,1534,4
932,19819,3
932,30180,3
932,29851,5
933,18344,2
933,13442,3
933,30516,1
933,20373,5
933,8216,4
933,29627,2
934,15309,1
935,23047,2
935,974,4
935,13718,3
935,29997,2
935,23263,1
936,5219,3
936,25526,5
936,20210,4
936,28735,3
936,28797,5
936,6120,2
937,18648,4
937,21592,5
937,25952,2
937,12498,5
937,38,5
938,22181,3
938,9100,3
938,25794,2
938,26994,5
939,12676,2
939,6922,4
940,21390,2
940,12204,3
940,1572,3
940,9809,2
940,10397,3
940,26145,5
940,2269,2
941,3812,1
941,4028,1
941,2416,2
941,14069,3
941,2300,2
941,14809,4
941,12250,2
942,5302,3
942,21983,5
942,10912,4
942,22675,1
942,24537,2
943,10128,3
943,26412,5
943,28051,1
943,27753,2
943,15997,3
943,10632,3
943,30472,5
943,18946,3
944,8651,3
944,30282,4
944,4844,1
944,5042,1
944,22036,2
944,27385,4
945,21094,1
945,22307,3
945,22738,2
945,12558,3
945,4260,5
945,16595,3
945,7538,1
945,446,1
946,21970,3
946,12667,5
946,6843,5
946,29618,5
946,7198,1
946,22710,3
946,4421,3
947,848,3
947,24680,1
947,4100,1
948,14396,5
948,8485,5
948,14613,4
948,23635,2
949,29866,4
949,28323,5
949,18932,5
949,7557,5
949,11297,1
950,8055,2
950,24217,1
950,2045,3
950,25484,1
950,12703,1
950,22356,2
950,9905,4
950,15332,2
951,8773,5
951,25136,1
951,440,2
951,24694,2
951,880,1
951,16325,3
951,14643,3
951,25815,1
952,28616,2
952,17312,5
952,20405,5
952,1524,5
952,13900,5
953,22778,3
953,9402,1
953,28007,2
954,14896,5
954,12210,5
954,29028,3
954,29179,1
954,25865,3
954,17517,5
954,29368,1
954,10928,1
955,21589,4
955,18702,3
955,8073,4
955,5107,1
955,10671,2
955,11845,2
955,14609,4
956,13097,3
957,15510,1
957,19069,1
958,24249,2
958,13068,4
958,25389,3
959,28020,2
959,5982,2
959,26506,5
959,4813,4
959,8865,4
959,5586,3
959,22489,4
960,540,4
960,28944,2
960,14218,4
960,20069,4
960,16803,2
961,23460,3
961,7681,3
961,11885,1
961,17123,3
961,29800,4
961,21245,3
961,6103,1
962,27555,1
962,7751,2
962,4201,2
962,26168,4
963,4211,2
963,3730,5
963,21728,4
963,2465,5
963,1837,3
963,1427,4
963,20074,1
964,20931,1
964,6116,4
964,17126,5
964,4845,4
964,15424,2
964,1427,2
964,15153,5
964,6203,4
965,26725,3
965,19188,2
966,8410,2
966,10836,1
966,17312,4
967,22713,4
967,19434,3
967,22682,5
967,30369,3
967,24100,4
967,27929,4
967,28270,1
967,10026,2
968,6170,5
969,12166,2
969,30345,2
969,19625,1
969,7357,5
969,16814,1
969,13435,5
969,9437,1
970,29500,2
970,16814,5
970,18398,3
970,28469,5
970,1184,3
970,18499,2
971,13950,2
971,7750,3
971,14958,1
971,13723,1
971,13658,3
972,19643,4
972,23641,1
972,30072,5
973,29391,4
973,29631,4
974,22716,2
974,25074,5
974,27927,2
975,29453,2
975,5738,2
975,1315,3
975,29291,3
976,30159,4
976,26727,4
976,13558,2
976,7268,4
976,9438,5
977,9753,4
977,8697,5
977,5368,5
977,19454,4
977,53,3
977,9587,2
977,15161,5
978,26456,3
978,19873,5
978,20420,3
978,27361,1
979,20711,1
979,9318,4
980,14436,5
980,7161,5
980,18255,1
980,14971,5
981,14454,4
981,20205,4
981,16727,2
982,20956,3
982,21923,2
982,4694,1
982,28957,2
982,21749,4
983,12935,4
983,10718,4
983,6980,5
983,30009,1
983,17493,2
984,17093,2
984,21769,4
984,1904,3
984,21374,5
984,9675,2
985,12271,5
985,11220,4
985,11923,3
985,30353,5
985,13957,2
985,25241,3
985,2793,5
986,1726,5
986,10545,5
986,16536,2
986,12877,2
986,27169,2
986,8050,4
987,18773,2
988,13052,3
988,1004,3
988,27247,4
988,25066,5
988,18095,1
988,5582,4
989,375,1
989,10275,1
989,4990,3
989,11404,4
989,19680,1
989,4306,1
989,11175,1
990,5669,3
990,20175,3
990,22804,2
990,23032,2
990,6161,1
990,428,4
990,23289,5
991,20911,5
991,19194,3
991,11951,1
991,6862,4
991,997,2
992,2556,3
992,17374,5
992,30099,2
992,10773,1
992,29799,3
992,23742,3
992,17349,5
993,28693,1
993,5961,5
993,11551,1
993,11292,3
993,7396,3
993,22612,5
993,11641,2
994,29835,2
994,11856,5
994,13666,2
994,18590,3
994,11614,3
994,23484,3
995,16955,1
996,2159,1
997,18777,5
997,12468,3
997,15472,1
997,10685,5
997,14206,4
997,30264,2
997,3783,3
998,20090,5
998,26503,2
998,4257,3
998,15902,1
998,26449,1
998,456,5
998,17884,1